{"payload":{"file_name":"Jupyter interactive","message_id":1},"type":"file_name"}
{"payload":{"installed_packages":["anyio==4.6.2","argon2-cffi==21.3.0","argon2-cffi-bindings==21.2.0","asttokens==2.0.5","async-lru==2.0.4","attrs==24.2.0","autocommand==2.2.2","awkward==2.7.1","awkward_cpp==42","babel==2.11.0","backports.tarfile==1.2.0","beautifulsoup4==4.12.3","bleach==6.2.0","bokeh==3.6.0","bottleneck==1.4.2","brotli==1.0.9","certifi==2024.8.30","cffi==1.17.1","charset-normalizer==3.3.2","click==8.1.7","cloudpickle==3.0.0","comet_ml==3.47.4","comm==0.2.1","configobj==5.0.9","contourpy==1.3.1","cramjam==2.7.0","cycler==0.11.0","cytoolz==0.12.2","dask==2024.8.2","dask-expr==1.1.13","debugpy==1.6.7","decorator==5.1.1","defusedxml==0.7.1","distributed==2024.8.2","dulwich==0.21.3","everett==1.0.2","executing==0.8.3","fastjsonschema==2.20.0","filelock==3.13.1","fonttools==4.51.0","fsspec==2024.6.1","gfal2-util==1.8.1","gmpy2==2.1.5","h11==0.14.0","heapdict==1.0.1","httpcore==1.0.2","httpx==0.27.0","idna==3.7","importlib_metadata==8.0.0","importlib_metadata==8.5.0","importlib_resources==6.4.0","inflect==7.3.1","ipykernel==6.29.5","ipympl==0.9.4","ipython==8.27.0","ipython-genutils==0.2.0","ipywidgets==8.1.2","jaraco.collections==5.1.0","jaraco.context==5.3.0","jaraco.functools==4.0.1","jaraco.text==3.12.1","jedi==0.19.1","jinja2==3.1.4","joblib==1.4.2","json5==0.9.25","jsonschema==4.23.0","jsonschema-specifications==2023.7.1","jupyter-events==0.10.0","jupyter-lsp==2.2.0","jupyter_client==8.6.0","jupyter_core==5.7.2","jupyter_server==2.14.1","jupyter_server_terminals==0.4.4","jupyterlab==4.2.5","jupyterlab-pygments==0.1.2","jupyterlab_server==2.27.3","jupyterlab_widgets==3.0.13","kiwisolver==1.4.4","lightning==2.4.0","lightning-utilities==0.11.9","llvmlite==0.43.0","lmdb==1.4.1","locket==1.0.0","lz4==4.3.2","markdown-it-py==2.2.0","markupsafe==2.1.3","matplotlib==3.9.2","matplotlib-inline==0.1.6","mdurl==0.1.0","mistune==2.0.4","more-itertools==10.3.0","mplhep==0.3.55","mplhep_data==0.0.4","mpmath==1.3.0","msgpack==1.0.3","nbclient==0.8.0","nbconvert==7.16.4","nbformat==5.10.4","nest-asyncio==1.6.0","networkx==3.3","notebook==7.2.2","notebook_shim==0.2.3","numba==0.60.0","numexpr==2.10.1","numpy==1.26.4","overrides==7.4.0","packaging==24.1","packaging==24.1","pandas==2.2.3","pandocfilters==1.5.0","parso==0.8.3","partd==1.4.1","pexpect==4.8.0","pillow==11.0.0","pip==24.2","platformdirs==3.10.0","platformdirs==4.2.2","ply==3.11","prometheus_client==0.21.0","prompt-toolkit==3.0.43","psutil==5.9.0","ptyprocess==0.7.0","pure-eval==0.2.2","py-cpuinfo==9.0.0","pyarrow==18.1.0","pycparser==2.21","pygments==2.15.1","pyparsing==3.2.0","pyqt5==5.15.10","pyqt5-sip==12.13.0","pysocks==1.7.1","python-box==6.0.2","python-dateutil==2.9.0.post0","python-json-logger==2.0.7","pytorch-lightning==2.3.0","pytz==2024.1","pyyaml==6.0.2","pyzmq==25.1.2","referencing==0.30.2","requests==2.32.3","requests-toolbelt==1.0.0","rfc3339-validator==0.1.4","rfc3986-validator==0.1.1","rich==13.9.4","rpds-py==0.10.6","ruamel.yaml==0.18.6","ruamel.yaml.clib==0.2.8","scikit-learn==1.5.1","scipy==1.14.1","seaborn==0.13.2","semantic-version==2.8.5","send2trash==1.8.2","sentry-sdk==2.18.0","setuptools==75.1.0","sip==6.7.12","six==1.16.0","sniffio==1.3.0","sortedcontainers==2.4.0","soupsieve==2.5","stack-data==0.2.0","sympy==1.13.3","tables==3.10.1","tblib==1.7.0","terminado==0.17.1","threadpoolctl==3.5.0","tinycss2==1.2.1","toml==0.10.2","tomli==2.0.1","toolz==0.12.0","torch==2.5.1.post105","torchaudio==2.5.1","torchmetrics==1.4.0.post0","torchvision==0.20.1","tornado==6.4.1","tqdm==4.66.5","traitlets==5.14.3","typeguard==4.3.0","typing_extensions==4.11.0","typing_extensions==4.12.2","tzdata==2023.3","uhi==0.4.0","unicodedata2==15.1.0","uproot==5.5.1","urllib3==2.2.3","vector==1.5.2","wcwidth==0.2.5","webencodings==0.5.1","websocket-client==1.8.0","wheel==0.43.0","wheel==0.44.0","widgetsnbextension==4.0.13","wrapt==1.14.1","wurlitzer==1.0.3","xxhash==2.0.2","xyzservices==2022.9.0","zict==3.0.0","zipp==3.19.2","zipp==3.21.0"],"message_id":2},"type":"installed_packages"}
{"payload":{"command":["/software/pk21271/miniconda3/envs/hinv-ml/lib/python3.12/site-packages/ipykernel_launcher.py","--f=/home/pk21271/.local/share/jupyter/runtime/kernel-v37902c0b21eba6b921b49783396e85476678d5828.json"],"env":null,"hostname":"hm01.dice.priv","ip":"10.129.5.13","machine":"x86_64","message_id":3,"os":"Linux-5.14.0-427.24.1.el9_4.x86_64-x86_64-with-glibc2.34","os_release":"5.14.0-427.24.1.el9_4.x86_64","os_type":"Linux","pid":1828997,"processor":"x86_64","python_exe":"/software/pk21271/miniconda3/envs/hinv-ml/bin/python","python_version":"3.12.8","python_version_verbose":"3.12.8 | packaged by conda-forge | (main, Dec  5 2024, 14:24:40) [GCC 13.3.0]","user":"pk21271"},"type":"system_details"}
{"payload":{"local_timestamp":1733490516099,"message_id":4,"param":{"paramName":"f","paramValue":"/home/pk21271/.local/share/jupyter/runtime/kernel-v37902c0b21eba6b921b49783396e85476678d5828.json","source":"cli","step":null}},"type":"parameter_msg"}
{"payload":{"key":"offline_experiment","message_id":5,"value":true},"type":"log_other"}
{"payload":{"key":"Created from","message_id":6,"value":"pytorch-lightning"},"type":"log_other"}
{"payload":{"key":"Name","message_id":7,"value":"Setup"},"type":"log_other"}
{"payload":{"local_timestamp":1733490516106,"message_id":8,"metric":{"epoch":null,"metricName":"sys.cpu.percent.avg","metricValue":7.57421875,"step":null}},"type":"metric_msg"}
{"payload":{"local_timestamp":1733490516106,"message_id":9,"metric":{"epoch":null,"metricName":"sys.ram.total","metricValue":1068136026112,"step":null}},"type":"metric_msg"}
{"payload":{"local_timestamp":1733490516106,"message_id":10,"metric":{"epoch":null,"metricName":"sys.ram.used","metricValue":40023060480,"step":null}},"type":"metric_msg"}
{"payload":{"local_timestamp":1733490516106,"message_id":11,"metric":{"epoch":null,"metricName":"sys.ram.available","metricValue":1028112965632,"step":null}},"type":"metric_msg"}
{"payload":{"local_timestamp":1733490516106,"message_id":12,"metric":{"epoch":null,"metricName":"sys.ram.percent.used","metricValue":3.7,"step":null}},"type":"metric_msg"}
{"payload":{"local_timestamp":1733490516106,"message_id":13,"metric":{"epoch":null,"metricName":"sys.load.avg","metricValue":46.82,"step":null}},"type":"metric_msg"}
{"payload":{"graph":"AnalysisObjectTransformer(\n  (embedding): Embedding(\n    (input_bn): BatchNorm1d(6, eps=1e-05, momentum=0.1, affine=True, track_running_stats=True)\n    (layers): Sequential(\n      (0): Linear(in_features=6, out_features=64, bias=True)\n      (1): GELU(approximate='none')\n    )\n  )\n  (encoder_blocks): ModuleList(\n    (0-3): 4 x AttBlock(\n      (layer_norm1): LayerNorm((64,), eps=1e-05, elementwise_affine=True)\n      (multihead_attention): MultiheadAttention(\n        (out_proj): NonDynamicallyQuantizableLinear(in_features=64, out_features=64, bias=True)\n      )\n      (layer_norm2): LayerNorm((64,), eps=1e-05, elementwise_affine=True)\n      (layer_norm3): LayerNorm((64,), eps=1e-05, elementwise_affine=True)\n      (linear1): Linear(in_features=64, out_features=256, bias=True)\n      (activation): GELU(approximate='none')\n      (layer_norm4): LayerNorm((256,), eps=1e-05, elementwise_affine=True)\n      (linear2): Linear(in_features=256, out_features=64, bias=True)\n    )\n  )\n  (class_blocks): ModuleList(\n    (0-1): 2 x AttBlock(\n      (layer_norm1): LayerNorm((64,), eps=1e-05, elementwise_affine=True)\n      (multihead_attention): MultiheadAttention(\n        (out_proj): NonDynamicallyQuantizableLinear(in_features=64, out_features=64, bias=True)\n      )\n      (layer_norm2): LayerNorm((64,), eps=1e-05, elementwise_affine=True)\n      (layer_norm3): LayerNorm((64,), eps=1e-05, elementwise_affine=True)\n      (linear1): Linear(in_features=64, out_features=256, bias=True)\n      (activation): GELU(approximate='none')\n      (layer_norm4): LayerNorm((256,), eps=1e-05, elementwise_affine=True)\n      (linear2): Linear(in_features=256, out_features=64, bias=True)\n    )\n  )\n  (dnn): Sequential(\n    (0): Linear(in_features=64, out_features=256, bias=True)\n    (1): GELU(approximate='none')\n    (2): Dropout(p=0.25, inplace=False)\n    (3): Linear(in_features=256, out_features=256, bias=True)\n    (4): GELU(approximate='none')\n    (5): Dropout(p=0.25, inplace=False)\n    (6): Linear(in_features=256, out_features=1, bias=True)\n    (7): Dropout(p=0.25, inplace=False)\n  )\n  (loss_function): BCEDecorrelatedLoss(\n    (bce_loss): BCEWithLogitsLoss()\n  )\n)","message_id":14},"type":"graph"}
{"payload":{"local_timestamp":1733490516115,"message_id":15,"output":"/software/pk21271/miniconda3/envs/hinv-ml/lib/python3.12/site-packages/lightning/pytorch/trainer/connectors/data_connector.py:424: The 'predict_dataloader' does not have many workers which may be a bottleneck. Consider increasing the value of the `num_workers` argument` to `num_workers=127` in the `DataLoader` to improve performance.\n","stderr":true},"type":"standard_output"}
{"payload":{"git_metadata":{"branch":"refs/heads/main","origin":"git@github.com:inigostibbe/msciproject.git","parent":"c1fcd1d8b676c976b7560256e66af1e8eda9248b","repo_name":"msciproject","root":"46b14cf6f132912463658dc2088ed2e45159ad1e","status":null,"user":null},"message_id":16},"type":"git_metadata"}
{"payload":{"additional_params":null,"clean":true,"file_path":"tmpgpljl4lr..zip","local_timestamp":1733490516273,"message_id":17,"metadata":{},"upload_type":"git-patch"},"type":"file_upload"}
{"payload":{"local_timestamp":1733490516308,"message_id":18,"metric":{"epoch":null,"metricName":"sys.disk.root.used","metricValue":1046465699840,"step":null}},"type":"metric_msg"}
{"payload":{"local_timestamp":1733490516308,"message_id":19,"metric":{"epoch":null,"metricName":"sys.disk.root.percent.used","metricValue":54.7,"step":null}},"type":"metric_msg"}
{"payload":{"additional_params":{"assetId":"6a1c32c91d5443b18c310ead2a37b637","context":null,"epoch":null,"extension":"yml","fileName":"conda-environment.yml","overwrite":false,"runId":null,"step":null,"type":"conda-environment-definition"},"clean":true,"file_path":"tmpqsq85ot9","local_timestamp":1733490520701,"message_id":20,"metadata":{},"upload_type":"conda-environment-definition"},"type":"file_upload"}
{"payload":{"local_timestamp":1733490521610,"message_id":21,"output":"\u001b[1;38;5;39mCOMET INFO:\u001b[0m The process of logging environment details (conda environment, git patch) is underway. Please be patient as this may take some time.\n","stderr":true},"type":"standard_output"}
{"payload":{"additional_params":{"assetId":"6637a45cfc8d40ffa6bf2240c34e6499","context":null,"epoch":null,"extension":"txt","fileName":"conda-spec.txt","overwrite":false,"runId":null,"step":null,"type":"conda-specification"},"clean":true,"file_path":"tmpti9r6vlp","local_timestamp":1733490523413,"message_id":22,"metadata":{},"upload_type":"conda-specification"},"type":"file_upload"}
{"payload":{"additional_params":{"assetId":"9e3a17cc81f54677867f8dbef4c52ab3","context":null,"epoch":null,"extension":"yml","fileName":"conda-info.yml","overwrite":false,"runId":null,"step":null,"type":"conda-info"},"clean":true,"file_path":"tmpupckp0xv","local_timestamp":1733490524018,"message_id":23,"metadata":{},"upload_type":"conda-info"},"type":"file_upload"}
{"payload":{"additional_params":{"assetId":"1602fd6ad13e4728a7248dd25309762a","context":null,"epoch":null,"fileName":"Jupyter interactive","overwrite":false,"runId":null,"step":null,"type":"source_code"},"clean":true,"file_path":"tmpz3a_3s_a","local_timestamp":1733490524021,"message_id":24,"metadata":{"source_code_type":"experiment_creation"},"upload_type":"source_code"},"type":"file_upload"}
{"payload":{"additional_params":{"assetId":"141ceb5e7436427bb06f587e832fc66e","context":null,"epoch":null,"extension":"ipynb","fileName":"Code.ipynb","overwrite":true,"runId":null,"step":null,"type":"notebook"},"clean":true,"file_path":"tmpgfi1jbdi","local_timestamp":1733490524025,"message_id":25,"metadata":{},"upload_type":"notebook"},"type":"file_upload"}
{"payload":{"local_timestamp":1733490524018,"message_id":26,"output":"\u001b[1;38;5;39mCOMET INFO:\u001b[0m ---------------------------------------------------------------------------------------\n","stderr":true},"type":"standard_output"}
{"payload":{"local_timestamp":1733490524019,"message_id":27,"output":"\u001b[1;38;5;39mCOMET INFO:\u001b[0m Comet.ml OfflineExperiment Summary\n","stderr":true},"type":"standard_output"}
{"payload":{"local_timestamp":1733490524019,"message_id":28,"output":"\u001b[1;38;5;39mCOMET INFO:\u001b[0m ---------------------------------------------------------------------------------------\n","stderr":true},"type":"standard_output"}
{"payload":{"local_timestamp":1733490524020,"message_id":29,"output":"\u001b[1;38;5;39mCOMET INFO:\u001b[0m   Data:\n","stderr":true},"type":"standard_output"}
{"payload":{"local_timestamp":1733490524020,"message_id":30,"output":"\u001b[1;38;5;39mCOMET INFO:\u001b[0m     display_summary_level : 1\n","stderr":true},"type":"standard_output"}
{"payload":{"local_timestamp":1733490524020,"message_id":31,"output":"\u001b[1;38;5;39mCOMET INFO:\u001b[0m     name                  : Setup\n","stderr":true},"type":"standard_output"}
{"payload":{"local_timestamp":1733490524020,"message_id":32,"output":"\u001b[1;38;5;39mCOMET INFO:\u001b[0m     url                   : [OfflineExperiment will get URL after upload]\n","stderr":true},"type":"standard_output"}
{"payload":{"local_timestamp":1733490524021,"message_id":33,"output":"\u001b[1;38;5;39mCOMET INFO:\u001b[0m   Others:\n","stderr":true},"type":"standard_output"}
{"payload":{"local_timestamp":1733490524021,"message_id":34,"output":"\u001b[1;38;5;39mCOMET INFO:\u001b[0m     Created from       : pytorch-lightning\n","stderr":true},"type":"standard_output"}
{"payload":{"local_timestamp":1733490524021,"message_id":35,"output":"\u001b[1;38;5;39mCOMET INFO:\u001b[0m     Name               : Setup\n","stderr":true},"type":"standard_output"}
{"payload":{"local_timestamp":1733490524022,"message_id":36,"output":"\u001b[1;38;5;39mCOMET INFO:\u001b[0m     offline_experiment : True\n","stderr":true},"type":"standard_output"}
{"payload":{"local_timestamp":1733490524022,"message_id":37,"output":"\u001b[1;38;5;39mCOMET INFO:\u001b[0m   Uploads:\n","stderr":true},"type":"standard_output"}
{"payload":{"local_timestamp":1733490524022,"message_id":38,"output":"\u001b[1;38;5;39mCOMET INFO:\u001b[0m     conda-environment-definition : 1\n","stderr":true},"type":"standard_output"}
{"payload":{"local_timestamp":1733490524023,"message_id":39,"output":"\u001b[1;38;5;39mCOMET INFO:\u001b[0m     conda-info                   : 1\n","stderr":true},"type":"standard_output"}
{"payload":{"local_timestamp":1733490524023,"message_id":40,"output":"\u001b[1;38;5;39mCOMET INFO:\u001b[0m     conda-specification          : 1\n","stderr":true},"type":"standard_output"}
{"payload":{"local_timestamp":1733490524023,"message_id":41,"output":"\u001b[1;38;5;39mCOMET INFO:\u001b[0m     environment details          : 1\n","stderr":true},"type":"standard_output"}
{"payload":{"local_timestamp":1733490524024,"message_id":42,"output":"\u001b[1;38;5;39mCOMET INFO:\u001b[0m     filename                     : 1\n","stderr":true},"type":"standard_output"}
{"payload":{"local_timestamp":1733490524024,"message_id":43,"output":"\u001b[1;38;5;39mCOMET INFO:\u001b[0m     git metadata                 : 1\n","stderr":true},"type":"standard_output"}
{"payload":{"local_timestamp":1733490524024,"message_id":44,"output":"\u001b[1;38;5;39mCOMET INFO:\u001b[0m     git-patch (uncompressed)     : 1 (421.61 KB)\n","stderr":true},"type":"standard_output"}
{"payload":{"local_timestamp":1733490524024,"message_id":45,"output":"\u001b[1;38;5;39mCOMET INFO:\u001b[0m     installed packages           : 1\n","stderr":true},"type":"standard_output"}
{"payload":{"local_timestamp":1733490524025,"message_id":46,"output":"\u001b[1;38;5;39mCOMET INFO:\u001b[0m     model graph                  : 1\n","stderr":true},"type":"standard_output"}
{"payload":{"local_timestamp":1733490524025,"message_id":47,"output":"\u001b[1;38;5;39mCOMET INFO:\u001b[0m     notebook                     : 1\n","stderr":true},"type":"standard_output"}
{"payload":{"local_timestamp":1733490524025,"message_id":48,"output":"\u001b[1;38;5;39mCOMET INFO:\u001b[0m     source_code                  : 1\n","stderr":true},"type":"standard_output"}
{"payload":{"local_timestamp":1733490524026,"message_id":49,"output":"\u001b[1;38;5;39mCOMET INFO:\u001b[0m \n","stderr":true},"type":"standard_output"}
{"payload":{"local_timestamp":1733490524026,"message_id":50,"output":"\u001b[1;38;5;214mCOMET WARNING:\u001b[0m To get all data logged automatically, import comet_ml before the following modules: sklearn, torch.\n","stderr":true},"type":"standard_output"}
{"payload":{"key":"sys.already_imported_modules","message_id":51,"value":"[\"sklearn\", \"torch\"]"},"type":"log_other"}
