{"payload":{"file_name":"/home/pk21271/msciproject/bristol-tth-transformer-msc_project/bristol-tth-transformer-msc_project/src/train.py","message_id":1},"type":"file_name"}
{"payload":{"additional_params":{"assetId":"81d6a2f5c0924795b3d04ec9a0c5973b","context":null,"extension":"py","fileName":"/software/pk21271/miniconda3/envs/hinv-ml/lib/python3.12/site-packages/lightning/pytorch/loggers/comet.py","overwrite":false,"runId":null,"step":null,"type":"source_code"},"clean":true,"file_path":"tmpc17atw0u","local_timestamp":1737645420666,"message_id":2,"metadata":{"source_code_type":"experiment_creation"},"upload_type":"source_code"},"type":"file_upload"}
{"payload":{"additional_params":{"assetId":"f4182d3d26354c92b0d4ad296437cc29","context":null,"extension":"py","fileName":"/home/pk21271/msciproject/bristol-tth-transformer-msc_project/bristol-tth-transformer-msc_project/src/train.py","overwrite":false,"runId":null,"step":null,"type":"source_code"},"clean":true,"file_path":"tmpdzu4lr8g","local_timestamp":1737645420667,"message_id":3,"metadata":{"source_code_type":"python_script_name"},"upload_type":"source_code"},"type":"file_upload"}
{"payload":{"installed_packages":["aiohappyeyeballs==2.4.4","aiohttp==3.11.10","aiosignal==1.2.0","anyio==4.6.2","argon2-cffi==21.3.0","argon2-cffi-bindings==21.2.0","asttokens==2.0.5","async-lru==2.0.4","attrs==24.2.0","autocommand==2.2.2","awkward==2.7.1","awkward_cpp==42","babel==2.11.0","backports.tarfile==1.2.0","beautifulsoup4==4.12.3","bleach==6.2.0","bokeh==3.6.0","bottleneck==1.4.2","brotli==1.0.9","certifi==2024.12.14","cffi==1.17.1","charset-normalizer==3.3.2","click==8.1.7","cloudpickle==3.0.0","comet_ml==3.47.4","comm==0.2.1","configobj==5.0.9","contourpy==1.3.1","cramjam==2.7.0","cycler==0.11.0","cytoolz==0.12.2","dask==2024.8.2","dask-expr==1.1.13","debugpy==1.6.7","decorator==5.1.1","defusedxml==0.7.1","distributed==2024.8.2","dulwich==0.21.3","everett==1.0.2","executing==0.8.3","fastjsonschema==2.20.0","filelock==3.13.1","fonttools==4.51.0","frozenlist==1.5.0","fsspec==2024.6.1","gfal2-util==1.8.1","graphviz==0.20.3","h11==0.14.0","heapdict==1.0.1","httpcore==1.0.2","httpx==0.27.0","idna==3.7","importlib_metadata==8.0.0","importlib_metadata==8.5.0","importlib_resources==6.4.0","inflect==7.3.1","ipykernel==6.29.5","ipympl==0.9.4","ipython==8.27.0","ipython-genutils==0.2.0","ipywidgets==8.1.2","jaraco.collections==5.1.0","jaraco.context==5.3.0","jaraco.functools==4.0.1","jaraco.text==3.12.1","jedi==0.19.1","jinja2==3.1.4","joblib==1.4.2","json5==0.9.25","jsonschema==4.23.0","jsonschema-specifications==2023.7.1","jupyter-events==0.10.0","jupyter-lsp==2.2.0","jupyter_client==8.6.0","jupyter_core==5.7.2","jupyter_server==2.14.1","jupyter_server_terminals==0.4.4","jupyterlab==4.2.5","jupyterlab-pygments==0.1.2","jupyterlab_server==2.27.3","jupyterlab_widgets==3.0.13","kiwisolver==1.4.4","lightning==2.3.3","lightning-utilities==0.11.9","llvmlite==0.43.0","lmdb==1.4.1","locket==1.0.0","lz4==4.3.2","markdown-it-py==2.2.0","markupsafe==2.1.3","matplotlib==3.9.2","matplotlib-inline==0.1.6","mdurl==0.1.0","mistune==2.0.4","more-itertools==10.3.0","mplhep==0.3.55","mplhep_data==0.0.4","mpmath==1.3.0","msgpack==1.0.3","multidict==6.1.0","nbclient==0.8.0","nbconvert==7.16.4","nbformat==5.10.4","nest-asyncio==1.6.0","netron==8.0.9","networkx==3.4.2","notebook==7.2.2","notebook_shim==0.2.3","numba==0.60.0","numexpr==2.10.1","numpy==1.26.4","overrides==7.4.0","packaging==24.1","packaging==24.1","pandas==2.2.3","pandocfilters==1.5.0","parso==0.8.3","partd==1.4.1","pexpect==4.8.0","pillow==11.0.0","pip==24.2","platformdirs==3.10.0","platformdirs==4.2.2","ply==3.11","prometheus_client==0.21.0","prompt-toolkit==3.0.43","propcache==0.2.0","psutil==5.9.0","ptyprocess==0.7.0","pure-eval==0.2.2","py-cpuinfo==9.0.0","pyarrow==18.1.0","pycparser==2.21","pygments==2.15.1","pyparsing==3.2.0","pyqt5==5.15.10","pyqt5-sip==12.13.0","pysocks==1.7.1","python-box==6.0.2","python-dateutil==2.9.0.post0","python-dotenv==1.0.1","python-json-logger==2.0.7","pytorch-lightning==2.3.0","pytz==2024.1","pyyaml==6.0.2","pyzmq==25.1.2","referencing==0.30.2","requests==2.32.3","requests-toolbelt==1.0.0","rfc3339-validator==0.1.4","rfc3986-validator==0.1.1","rich==13.9.4","rpds-py==0.10.6","ruamel.yaml==0.18.6","ruamel.yaml.clib==0.2.8","scikit-learn==1.5.1","scipy==1.14.1","seaborn==0.13.2","semantic-version==2.8.5","send2trash==1.8.2","sentry-sdk==2.18.0","setuptools==75.1.0","shap==0.46.0","sip==6.7.12","six==1.16.0","slicer==0.0.8","sniffio==1.3.0","sortedcontainers==2.4.0","soupsieve==2.5","stack-data==0.2.0","sympy==1.13.3","tables==3.10.1","tblib==1.7.0","terminado==0.17.1","threadpoolctl==3.5.0","tinycss2==1.2.1","toml==0.10.2","tomli==2.0.1","toolz==0.12.0","torch==2.5.1.post303","torchaudio==2.5.1","torchmetrics==1.4.0.post0","torchsummary==1.5.1","torchvision==0.20.1","torchviz==0.0.3","tornado==6.4.1","tqdm==4.66.5","traitlets==5.14.3","typeguard==4.3.0","typing_extensions==4.11.0","typing_extensions==4.12.2","tzdata==2023.3","uhi==0.4.0","unicodedata2==15.1.0","uproot==5.5.1","urllib3==2.2.3","vector==1.5.2","wcwidth==0.2.5","webencodings==0.5.1","websocket-client==1.8.0","wheel==0.43.0","wheel==0.44.0","widgetsnbextension==4.0.13","wrapt==1.14.1","wurlitzer==1.0.3","xxhash==2.0.2","xyzservices==2022.9.0","yarl==1.18.0","zict==3.0.0","zipp==3.19.2","zipp==3.21.0"],"message_id":4},"type":"installed_packages"}
{"payload":{"command":["/home/pk21271/msciproject/bristol-tth-transformer-msc_project/bristol-tth-transformer-msc_project/src/train.py"],"env":null,"hostname":"gpu02.dice.priv","ip":"10.129.5.44","machine":"x86_64","message_id":5,"os":"Linux-5.14.0-427.28.1.el9_4.x86_64-x86_64-with-glibc2.34","os_release":"5.14.0-427.28.1.el9_4.x86_64","os_type":"Linux","pid":2032840,"processor":"x86_64","python_exe":"/software/pk21271/miniconda3/envs/hinv-ml/bin/python","python_version":"3.12.8","python_version_verbose":"3.12.8 | packaged by conda-forge | (main, Dec  5 2024, 14:24:40) [GCC 13.3.0]","user":"pk21271"},"type":"system_details"}
{"payload":{"gpu_static_info":[{"gpu_index":0,"name":"Tesla T4","power_limit":70000,"total_memory":16106127360,"uuid":"GPU-5f54562d-b8b2-216f-82ee-83594b4fab39"},{"gpu_index":1,"name":"Tesla T4","power_limit":70000,"total_memory":16106127360,"uuid":"GPU-6e620afc-4fe6-113f-eee5-c567dbd810ea"},{"gpu_index":2,"name":"Tesla T4","power_limit":70000,"total_memory":16106127360,"uuid":"GPU-27daa428-ef79-4c64-b252-6c78690985ba"},{"gpu_index":3,"name":"Tesla T4","power_limit":70000,"total_memory":16106127360,"uuid":"GPU-390174d2-fc14-16c5-4e3c-cb7b78feb910"},{"gpu_index":4,"name":"Tesla T4","power_limit":70000,"total_memory":16106127360,"uuid":"GPU-a81e1c4a-b773-034f-ecfc-b3e6306fe34f"},{"gpu_index":5,"name":"Tesla T4","power_limit":70000,"total_memory":16106127360,"uuid":"GPU-ae46c09c-5ab1-da4b-7008-aca78ed1b69e"}],"message_id":6},"type":"gpu_static_info"}
{"payload":{"local_timestamp":1737645420712,"message_id":7,"metric":{"epoch":null,"metricName":"sys.gpu.0.total_memory","metricValue":16106127360,"step":null}},"type":"metric_msg"}
{"payload":{"local_timestamp":1737645420712,"message_id":8,"metric":{"epoch":null,"metricName":"sys.gpu.1.total_memory","metricValue":16106127360,"step":null}},"type":"metric_msg"}
{"payload":{"local_timestamp":1737645420712,"message_id":9,"metric":{"epoch":null,"metricName":"sys.gpu.2.total_memory","metricValue":16106127360,"step":null}},"type":"metric_msg"}
{"payload":{"local_timestamp":1737645420712,"message_id":10,"metric":{"epoch":null,"metricName":"sys.gpu.3.total_memory","metricValue":16106127360,"step":null}},"type":"metric_msg"}
{"payload":{"local_timestamp":1737645420712,"message_id":11,"metric":{"epoch":null,"metricName":"sys.gpu.4.total_memory","metricValue":16106127360,"step":null}},"type":"metric_msg"}
{"payload":{"local_timestamp":1737645420712,"message_id":12,"metric":{"epoch":null,"metricName":"sys.gpu.5.total_memory","metricValue":16106127360,"step":null}},"type":"metric_msg"}
{"payload":{"key":"offline_experiment","message_id":13,"value":true},"type":"log_other"}
{"payload":{"key":"Created from","message_id":14,"value":"pytorch-lightning"},"type":"log_other"}
{"payload":{"key":"Name","message_id":15,"value":"Setup"},"type":"log_other"}
{"payload":{"local_timestamp":1737645420714,"message_id":16,"output":"LOCAL_RANK: 0 - CUDA_VISIBLE_DEVICES: [0,1,2,3,4,5]\n","stderr":true},"type":"standard_output"}
{"payload":{"graph":"AnalysisObjectTransformer(\n  (embedding): Embedding(\n    (input_bn): BatchNorm1d(6, eps=1e-05, momentum=0.1, affine=True, track_running_stats=True)\n    (layers): Sequential(\n      (0): Linear(in_features=6, out_features=32, bias=True)\n      (1): GELU(approximate='none')\n      (2): Linear(in_features=32, out_features=32, bias=True)\n      (3): GELU(approximate='none')\n      (4): Linear(in_features=32, out_features=32, bias=True)\n      (5): GELU(approximate='none')\n    )\n  )\n  (encoder_blocks): ModuleList(\n    (0-2): 3 x AttBlock(\n      (layer_norm1): LayerNorm((32,), eps=1e-05, elementwise_affine=True)\n      (multihead_attention): MultiheadAttention(\n        (out_proj): NonDynamicallyQuantizableLinear(in_features=32, out_features=32, bias=True)\n      )\n      (layer_norm2): LayerNorm((32,), eps=1e-05, elementwise_affine=True)\n      (layer_norm3): LayerNorm((32,), eps=1e-05, elementwise_affine=True)\n      (linear1): Linear(in_features=32, out_features=64, bias=True)\n      (activation): GELU(approximate='none')\n      (layer_norm4): LayerNorm((64,), eps=1e-05, elementwise_affine=True)\n      (linear2): Linear(in_features=64, out_features=32, bias=True)\n    )\n  )\n  (class_blocks): ModuleList(\n    (0-2): 3 x AttBlock(\n      (layer_norm1): LayerNorm((32,), eps=1e-05, elementwise_affine=True)\n      (multihead_attention): MultiheadAttention(\n        (out_proj): NonDynamicallyQuantizableLinear(in_features=32, out_features=32, bias=True)\n      )\n      (layer_norm2): LayerNorm((32,), eps=1e-05, elementwise_affine=True)\n      (layer_norm3): LayerNorm((32,), eps=1e-05, elementwise_affine=True)\n      (linear1): Linear(in_features=32, out_features=64, bias=True)\n      (activation): GELU(approximate='none')\n      (layer_norm4): LayerNorm((64,), eps=1e-05, elementwise_affine=True)\n      (linear2): Linear(in_features=64, out_features=32, bias=True)\n    )\n  )\n  (dnn): Sequential(\n    (0): Linear(in_features=32, out_features=64, bias=True)\n    (1): GELU(approximate='none')\n    (2): Dropout(p=0.1, inplace=False)\n    (3): Linear(in_features=64, out_features=64, bias=True)\n    (4): GELU(approximate='none')\n    (5): Dropout(p=0.1, inplace=False)\n    (6): Linear(in_features=64, out_features=1, bias=True)\n    (7): Dropout(p=0.1, inplace=False)\n  )\n  (loss_function): BCEDecorrelatedLoss(\n    (bce_loss): BCEWithLogitsLoss()\n  )\n)","message_id":17},"type":"graph"}
{"payload":{"local_timestamp":1737645420720,"message_id":18,"output":"/software/pk21271/miniconda3/envs/hinv-ml/lib/python3.12/site-packages/torch/utils/data/dataloader.py:617: UserWarning: This DataLoader will create 127 worker processes in total. Our suggested max number of worker in current system is 48, which is smaller than what this DataLoader is going to create. Please be aware that excessive worker creation might get DataLoader running slow or even freeze, lower the worker number to avoid potential slowness/freeze if necessary.\n  warnings.warn(\n","stderr":true},"type":"standard_output"}
{"payload":{"local_timestamp":1737645422875,"message_id":19,"metric":{"epoch":null,"metricName":"sys.gpu.0.gpu_utilization","metricValue":0,"step":null}},"type":"metric_msg"}
{"payload":{"local_timestamp":1737645422875,"message_id":20,"metric":{"epoch":null,"metricName":"sys.gpu.0.power_usage","metricValue":26771,"step":null}},"type":"metric_msg"}
{"payload":{"local_timestamp":1737645422875,"message_id":21,"metric":{"epoch":null,"metricName":"sys.gpu.0.temperature","metricValue":45,"step":null}},"type":"metric_msg"}
{"payload":{"local_timestamp":1737645422875,"message_id":22,"metric":{"epoch":null,"metricName":"sys.gpu.0.memory_utilization","metricValue":0,"step":null}},"type":"metric_msg"}
{"payload":{"local_timestamp":1737645422875,"message_id":23,"metric":{"epoch":null,"metricName":"sys.gpu.0.free_memory","metricValue":15488253952,"step":null}},"type":"metric_msg"}
{"payload":{"local_timestamp":1737645422875,"message_id":24,"metric":{"epoch":null,"metricName":"sys.gpu.0.used_memory","metricValue":617873408,"step":null}},"type":"metric_msg"}
{"payload":{"local_timestamp":1737645422876,"message_id":25,"metric":{"epoch":null,"metricName":"sys.gpu.0.percent.used_memory","metricValue":3.836263020833333,"step":null}},"type":"metric_msg"}
{"payload":{"local_timestamp":1737645422876,"message_id":26,"metric":{"epoch":null,"metricName":"sys.gpu.1.gpu_utilization","metricValue":0,"step":null}},"type":"metric_msg"}
{"payload":{"local_timestamp":1737645422876,"message_id":27,"metric":{"epoch":null,"metricName":"sys.gpu.1.power_usage","metricValue":27530,"step":null}},"type":"metric_msg"}
{"payload":{"local_timestamp":1737645422876,"message_id":28,"metric":{"epoch":null,"metricName":"sys.gpu.1.temperature","metricValue":43,"step":null}},"type":"metric_msg"}
{"payload":{"local_timestamp":1737645422876,"message_id":29,"metric":{"epoch":null,"metricName":"sys.gpu.1.memory_utilization","metricValue":0,"step":null}},"type":"metric_msg"}
{"payload":{"local_timestamp":1737645422876,"message_id":30,"metric":{"epoch":null,"metricName":"sys.gpu.1.free_memory","metricValue":15486156800,"step":null}},"type":"metric_msg"}
{"payload":{"local_timestamp":1737645422876,"message_id":31,"metric":{"epoch":null,"metricName":"sys.gpu.1.used_memory","metricValue":619970560,"step":null}},"type":"metric_msg"}
{"payload":{"local_timestamp":1737645422876,"message_id":32,"metric":{"epoch":null,"metricName":"sys.gpu.1.percent.used_memory","metricValue":3.8492838541666665,"step":null}},"type":"metric_msg"}
{"payload":{"local_timestamp":1737645422876,"message_id":33,"metric":{"epoch":null,"metricName":"sys.gpu.2.gpu_utilization","metricValue":0,"step":null}},"type":"metric_msg"}
{"payload":{"local_timestamp":1737645422876,"message_id":34,"metric":{"epoch":null,"metricName":"sys.gpu.2.power_usage","metricValue":9926,"step":null}},"type":"metric_msg"}
{"payload":{"local_timestamp":1737645422876,"message_id":35,"metric":{"epoch":null,"metricName":"sys.gpu.2.temperature","metricValue":30,"step":null}},"type":"metric_msg"}
{"payload":{"local_timestamp":1737645422876,"message_id":36,"metric":{"epoch":null,"metricName":"sys.gpu.2.memory_utilization","metricValue":0,"step":null}},"type":"metric_msg"}
{"payload":{"local_timestamp":1737645422876,"message_id":37,"metric":{"epoch":null,"metricName":"sys.gpu.2.free_memory","metricValue":15637151744,"step":null}},"type":"metric_msg"}
{"payload":{"local_timestamp":1737645422876,"message_id":38,"metric":{"epoch":null,"metricName":"sys.gpu.2.used_memory","metricValue":468975616,"step":null}},"type":"metric_msg"}
{"payload":{"local_timestamp":1737645422876,"message_id":39,"metric":{"epoch":null,"metricName":"sys.gpu.2.percent.used_memory","metricValue":2.9117838541666665,"step":null}},"type":"metric_msg"}
{"payload":{"local_timestamp":1737645422876,"message_id":40,"metric":{"epoch":null,"metricName":"sys.gpu.3.gpu_utilization","metricValue":0,"step":null}},"type":"metric_msg"}
{"payload":{"local_timestamp":1737645422876,"message_id":41,"metric":{"epoch":null,"metricName":"sys.gpu.3.power_usage","metricValue":9469,"step":null}},"type":"metric_msg"}
{"payload":{"local_timestamp":1737645422876,"message_id":42,"metric":{"epoch":null,"metricName":"sys.gpu.3.temperature","metricValue":31,"step":null}},"type":"metric_msg"}
{"payload":{"local_timestamp":1737645422876,"message_id":43,"metric":{"epoch":null,"metricName":"sys.gpu.3.memory_utilization","metricValue":0,"step":null}},"type":"metric_msg"}
{"payload":{"local_timestamp":1737645422876,"message_id":44,"metric":{"epoch":null,"metricName":"sys.gpu.3.free_memory","metricValue":15637151744,"step":null}},"type":"metric_msg"}
{"payload":{"local_timestamp":1737645422876,"message_id":45,"metric":{"epoch":null,"metricName":"sys.gpu.3.used_memory","metricValue":468975616,"step":null}},"type":"metric_msg"}
{"payload":{"local_timestamp":1737645422876,"message_id":46,"metric":{"epoch":null,"metricName":"sys.gpu.3.percent.used_memory","metricValue":2.9117838541666665,"step":null}},"type":"metric_msg"}
{"payload":{"local_timestamp":1737645422876,"message_id":47,"metric":{"epoch":null,"metricName":"sys.gpu.4.gpu_utilization","metricValue":0,"step":null}},"type":"metric_msg"}
{"payload":{"local_timestamp":1737645422876,"message_id":48,"metric":{"epoch":null,"metricName":"sys.gpu.4.power_usage","metricValue":9946,"step":null}},"type":"metric_msg"}
{"payload":{"local_timestamp":1737645422876,"message_id":49,"metric":{"epoch":null,"metricName":"sys.gpu.4.temperature","metricValue":30,"step":null}},"type":"metric_msg"}
{"payload":{"local_timestamp":1737645422876,"message_id":50,"metric":{"epoch":null,"metricName":"sys.gpu.4.memory_utilization","metricValue":0,"step":null}},"type":"metric_msg"}
{"payload":{"local_timestamp":1737645422876,"message_id":51,"metric":{"epoch":null,"metricName":"sys.gpu.4.free_memory","metricValue":15637151744,"step":null}},"type":"metric_msg"}
{"payload":{"local_timestamp":1737645422876,"message_id":52,"metric":{"epoch":null,"metricName":"sys.gpu.4.used_memory","metricValue":468975616,"step":null}},"type":"metric_msg"}
{"payload":{"local_timestamp":1737645422876,"message_id":53,"metric":{"epoch":null,"metricName":"sys.gpu.4.percent.used_memory","metricValue":2.9117838541666665,"step":null}},"type":"metric_msg"}
{"payload":{"local_timestamp":1737645422876,"message_id":54,"metric":{"epoch":null,"metricName":"sys.gpu.5.gpu_utilization","metricValue":0,"step":null}},"type":"metric_msg"}
{"payload":{"local_timestamp":1737645422876,"message_id":55,"metric":{"epoch":null,"metricName":"sys.gpu.5.power_usage","metricValue":27557,"step":null}},"type":"metric_msg"}
{"payload":{"local_timestamp":1737645422876,"message_id":56,"metric":{"epoch":null,"metricName":"sys.gpu.5.temperature","metricValue":49,"step":null}},"type":"metric_msg"}
{"payload":{"local_timestamp":1737645422876,"message_id":57,"metric":{"epoch":null,"metricName":"sys.gpu.5.memory_utilization","metricValue":0,"step":null}},"type":"metric_msg"}
{"payload":{"local_timestamp":1737645422876,"message_id":58,"metric":{"epoch":null,"metricName":"sys.gpu.5.free_memory","metricValue":15263858688,"step":null}},"type":"metric_msg"}
{"payload":{"local_timestamp":1737645422876,"message_id":59,"metric":{"epoch":null,"metricName":"sys.gpu.5.used_memory","metricValue":842268672,"step":null}},"type":"metric_msg"}
{"payload":{"local_timestamp":1737645422876,"message_id":60,"metric":{"epoch":null,"metricName":"sys.gpu.5.percent.used_memory","metricValue":5.2294921875,"step":null}},"type":"metric_msg"}
{"payload":{"local_timestamp":1737645423047,"message_id":61,"metric":{"epoch":null,"metricName":"sys.cpu.percent.avg","metricValue":20.625,"step":null}},"type":"metric_msg"}
{"payload":{"local_timestamp":1737645423047,"message_id":62,"metric":{"epoch":null,"metricName":"sys.ram.total","metricValue":403586027520,"step":null}},"type":"metric_msg"}
{"payload":{"local_timestamp":1737645423047,"message_id":63,"metric":{"epoch":null,"metricName":"sys.ram.used","metricValue":50471034880,"step":null}},"type":"metric_msg"}
{"payload":{"local_timestamp":1737645423047,"message_id":64,"metric":{"epoch":null,"metricName":"sys.ram.available","metricValue":353114992640,"step":null}},"type":"metric_msg"}
{"payload":{"local_timestamp":1737645423047,"message_id":65,"metric":{"epoch":null,"metricName":"sys.ram.percent.used","metricValue":12.5,"step":null}},"type":"metric_msg"}
{"payload":{"local_timestamp":1737645423047,"message_id":66,"metric":{"epoch":null,"metricName":"sys.load.avg","metricValue":16.4,"step":null}},"type":"metric_msg"}
{"payload":{"local_timestamp":1737645423542,"message_id":67,"metric":{"epoch":null,"metricName":"sys.disk.root.used","metricValue":36816162816,"step":null}},"type":"metric_msg"}
{"payload":{"local_timestamp":1737645423543,"message_id":68,"metric":{"epoch":null,"metricName":"sys.disk.root.percent.used","metricValue":8.6,"step":null}},"type":"metric_msg"}
{"payload":{"git_metadata":{"branch":"refs/heads/main","origin":"git@github.com:inigostibbe/msciproject.git","parent":"decb96fdff0f0f81a0347cadd82df8de17db97b8","repo_name":"msciproject","root":"46b14cf6f132912463658dc2088ed2e45159ad1e","status":null,"user":"inigostibbe"},"message_id":69},"type":"git_metadata"}
{"payload":{"local_timestamp":1737645441529,"message_id":70,"output":"\rPredicting: |                                                                                                                                  | 0/? [00:00<?, ?it/s]","stderr":false},"type":"standard_output"}
{"payload":{"local_timestamp":1737645441726,"message_id":71,"output":"\rPredicting:   0%|                                                                                                                             | 0/12 [00:00<?, ?it/s]","stderr":false},"type":"standard_output"}
{"payload":{"local_timestamp":1737645441726,"message_id":72,"output":"\rPredicting DataLoader 0:   0%|                                                                                                                | 0/12 [00:00<?, ?it/s]","stderr":false},"type":"standard_output"}
{"payload":{"additional_params":null,"clean":true,"file_path":"tmp12slxz0c..zip","local_timestamp":1737645441752,"message_id":73,"metadata":{},"upload_type":"git-patch"},"type":"file_upload"}
{"payload":{"local_timestamp":1737645441942,"message_id":74,"output":"\rPredicting DataLoader 0:  33%|\u2588\u2588\u2588\u2588\u2588\u2588\u2588\u2588\u2588\u2588\u2588\u2588\u2588\u2588\u2588\u2588\u2588\u2588\u2588\u2588\u2588\u2588\u2588\u2588\u2588\u2588\u2588\u2588\u2588\u2588\u2588\u2588\u2588\u2588\u258b                                                                     | 4/12 [00:00<00:00, 18.45it/s]","stderr":false},"type":"standard_output"}
{"payload":{"local_timestamp":1737645442108,"message_id":75,"output":"\rPredicting DataLoader 0:  67%|\u2588\u2588\u2588\u2588\u2588\u2588\u2588\u2588\u2588\u2588\u2588\u2588\u2588\u2588\u2588\u2588\u2588\u2588\u2588\u2588\u2588\u2588\u2588\u2588\u2588\u2588\u2588\u2588\u2588\u2588\u2588\u2588\u2588\u2588\u2588\u2588\u2588\u2588\u2588\u2588\u2588\u2588\u2588\u2588\u2588\u2588\u2588\u2588\u2588\u2588\u2588\u2588\u2588\u2588\u2588\u2588\u2588\u2588\u2588\u2588\u2588\u2588\u2588\u2588\u2588\u2588\u2588\u2588\u2588\u258e                                  | 8/12 [00:00<00:00, 20.93it/s]","stderr":false},"type":"standard_output"}
{"payload":{"local_timestamp":1737645442221,"message_id":76,"output":"\rPredicting DataLoader 0: 100%|\u2588\u2588\u2588\u2588\u2588\u2588\u2588\u2588\u2588\u2588\u2588\u2588\u2588\u2588\u2588\u2588\u2588\u2588\u2588\u2588\u2588\u2588\u2588\u2588\u2588\u2588\u2588\u2588\u2588\u2588\u2588\u2588\u2588\u2588\u2588\u2588\u2588\u2588\u2588\u2588\u2588\u2588\u2588\u2588\u2588\u2588\u2588\u2588\u2588\u2588\u2588\u2588\u2588\u2588\u2588\u2588\u2588\u2588\u2588\u2588\u2588\u2588\u2588\u2588\u2588\u2588\u2588\u2588\u2588\u2588\u2588\u2588\u2588\u2588\u2588\u2588\u2588\u2588\u2588\u2588\u2588\u2588\u2588\u2588\u2588\u2588\u2588\u2588\u2588\u2588\u2588\u2588\u2588\u2588\u2588\u2588\u2588\u2588\u2588\u2588\u2588\u2588\u2588| 12/12 [00:00<00:00, 24.20it/s]","stderr":false},"type":"standard_output"}
{"payload":{"local_timestamp":1737645442222,"message_id":77,"output":"\rPredicting DataLoader 0: 100%|\u2588\u2588\u2588\u2588\u2588\u2588\u2588\u2588\u2588\u2588\u2588\u2588\u2588\u2588\u2588\u2588\u2588\u2588\u2588\u2588\u2588\u2588\u2588\u2588\u2588\u2588\u2588\u2588\u2588\u2588\u2588\u2588\u2588\u2588\u2588\u2588\u2588\u2588\u2588\u2588\u2588\u2588\u2588\u2588\u2588\u2588\u2588\u2588\u2588\u2588\u2588\u2588\u2588\u2588\u2588\u2588\u2588\u2588\u2588\u2588\u2588\u2588\u2588\u2588\u2588\u2588\u2588\u2588\u2588\u2588\u2588\u2588\u2588\u2588\u2588\u2588\u2588\u2588\u2588\u2588\u2588\u2588\u2588\u2588\u2588\u2588\u2588\u2588\u2588\u2588\u2588\u2588\u2588\u2588\u2588\u2588\u2588\u2588\u2588\u2588\u2588\u2588\u2588| 12/12 [00:00<00:00, 24.17it/s]","stderr":false},"type":"standard_output"}
{"payload":{"local_timestamp":1737645442222,"message_id":78,"output":"\n","stderr":false},"type":"standard_output"}
{"payload":{"local_timestamp":1737645443439,"message_id":79,"output":"\u001b[1;38;5;39mCOMET INFO:\u001b[0m The process of logging environment details (conda environment, git patch) is underway. Please be patient as this may take some time.\n","stderr":true},"type":"standard_output"}
{"payload":{"additional_params":{"assetId":"8b50eba37f784002ac63808a1fc2f0f3","context":null,"epoch":null,"extension":"yml","fileName":"conda-environment.yml","overwrite":false,"runId":null,"step":null,"type":"conda-environment-definition"},"clean":true,"file_path":"tmpwfo159k4","local_timestamp":1737645446379,"message_id":80,"metadata":{},"upload_type":"conda-environment-definition"},"type":"file_upload"}
{"payload":{"additional_params":{"assetId":"ffdb3d96f17643d8925ba5258a41cabd","context":null,"epoch":null,"extension":"txt","fileName":"conda-spec.txt","overwrite":false,"runId":null,"step":null,"type":"conda-specification"},"clean":true,"file_path":"tmpdehvf8dw","local_timestamp":1737645449052,"message_id":81,"metadata":{},"upload_type":"conda-specification"},"type":"file_upload"}
{"payload":{"additional_params":{"assetId":"76fd61d752be49b385fb44a73c0e5626","context":null,"epoch":null,"extension":"yml","fileName":"conda-info.yml","overwrite":false,"runId":null,"step":null,"type":"conda-info"},"clean":true,"file_path":"tmpof4ecevv","local_timestamp":1737645449884,"message_id":82,"metadata":{},"upload_type":"conda-info"},"type":"file_upload"}
{"payload":{"local_timestamp":1737645449879,"message_id":83,"output":"\u001b[1;38;5;39mCOMET INFO:\u001b[0m ---------------------------------------------------------------------------------------\n","stderr":true},"type":"standard_output"}
{"payload":{"local_timestamp":1737645449879,"message_id":84,"output":"\u001b[1;38;5;39mCOMET INFO:\u001b[0m Comet.ml OfflineExperiment Summary\n","stderr":true},"type":"standard_output"}
{"payload":{"local_timestamp":1737645449879,"message_id":85,"output":"\u001b[1;38;5;39mCOMET INFO:\u001b[0m ---------------------------------------------------------------------------------------\n","stderr":true},"type":"standard_output"}
{"payload":{"local_timestamp":1737645449879,"message_id":86,"output":"\u001b[1;38;5;39mCOMET INFO:\u001b[0m   Data:\n","stderr":true},"type":"standard_output"}
{"payload":{"local_timestamp":1737645449879,"message_id":87,"output":"\u001b[1;38;5;39mCOMET INFO:\u001b[0m     display_summary_level : 1\n","stderr":true},"type":"standard_output"}
{"payload":{"local_timestamp":1737645449880,"message_id":88,"output":"\u001b[1;38;5;39mCOMET INFO:\u001b[0m     name                  : Setup\n","stderr":true},"type":"standard_output"}
{"payload":{"local_timestamp":1737645449880,"message_id":89,"output":"\u001b[1;38;5;39mCOMET INFO:\u001b[0m     url                   : [OfflineExperiment will get URL after upload]\n","stderr":true},"type":"standard_output"}
{"payload":{"local_timestamp":1737645449880,"message_id":90,"output":"\u001b[1;38;5;39mCOMET INFO:\u001b[0m   Others:\n","stderr":true},"type":"standard_output"}
{"payload":{"local_timestamp":1737645449880,"message_id":91,"output":"\u001b[1;38;5;39mCOMET INFO:\u001b[0m     Created from       : pytorch-lightning\n","stderr":true},"type":"standard_output"}
{"payload":{"local_timestamp":1737645449880,"message_id":92,"output":"\u001b[1;38;5;39mCOMET INFO:\u001b[0m     Name               : Setup\n","stderr":true},"type":"standard_output"}
{"payload":{"local_timestamp":1737645449880,"message_id":93,"output":"\u001b[1;38;5;39mCOMET INFO:\u001b[0m     offline_experiment : True\n","stderr":true},"type":"standard_output"}
{"payload":{"local_timestamp":1737645449880,"message_id":94,"output":"\u001b[1;38;5;39mCOMET INFO:\u001b[0m   Uploads:\n","stderr":true},"type":"standard_output"}
{"payload":{"local_timestamp":1737645449880,"message_id":95,"output":"\u001b[1;38;5;39mCOMET INFO:\u001b[0m     conda-environment-definition : 1\n","stderr":true},"type":"standard_output"}
{"payload":{"local_timestamp":1737645449880,"message_id":96,"output":"\u001b[1;38;5;39mCOMET INFO:\u001b[0m     conda-info                   : 1\n","stderr":true},"type":"standard_output"}
{"payload":{"local_timestamp":1737645449880,"message_id":97,"output":"\u001b[1;38;5;39mCOMET INFO:\u001b[0m     conda-specification          : 1\n","stderr":true},"type":"standard_output"}
{"payload":{"local_timestamp":1737645449881,"message_id":98,"output":"\u001b[1;38;5;39mCOMET INFO:\u001b[0m     environment details          : 1\n","stderr":true},"type":"standard_output"}
{"payload":{"local_timestamp":1737645449881,"message_id":99,"output":"\u001b[1;38;5;39mCOMET INFO:\u001b[0m     filename                     : 1\n","stderr":true},"type":"standard_output"}
{"payload":{"local_timestamp":1737645449881,"message_id":100,"output":"\u001b[1;38;5;39mCOMET INFO:\u001b[0m     git metadata                 : 1\n","stderr":true},"type":"standard_output"}
{"payload":{"local_timestamp":1737645449881,"message_id":101,"output":"\u001b[1;38;5;39mCOMET INFO:\u001b[0m     git-patch (uncompressed)     : 1 (1.30 KB)\n","stderr":true},"type":"standard_output"}
{"payload":{"local_timestamp":1737645449881,"message_id":102,"output":"\u001b[1;38;5;39mCOMET INFO:\u001b[0m     installed packages           : 1\n","stderr":true},"type":"standard_output"}
{"payload":{"local_timestamp":1737645449881,"message_id":103,"output":"\u001b[1;38;5;39mCOMET INFO:\u001b[0m     model graph                  : 1\n","stderr":true},"type":"standard_output"}
{"payload":{"local_timestamp":1737645449881,"message_id":104,"output":"\u001b[1;38;5;39mCOMET INFO:\u001b[0m     source_code                  : 2 (24.81 KB)\n","stderr":true},"type":"standard_output"}
{"payload":{"local_timestamp":1737645449881,"message_id":105,"output":"\u001b[1;38;5;39mCOMET INFO:\u001b[0m \n","stderr":true},"type":"standard_output"}
{"payload":{"local_timestamp":1737645449881,"message_id":106,"output":"\u001b[1;38;5;214mCOMET WARNING:\u001b[0m To get all data logged automatically, import comet_ml before the following modules: torch, sklearn.\n","stderr":true},"type":"standard_output"}
{"payload":{"key":"sys.already_imported_modules","message_id":107,"value":"[\"torch\", \"sklearn\"]"},"type":"log_other"}
