{"payload":{"file_name":"Jupyter interactive","message_id":1},"type":"file_name"}
{"payload":{"installed_packages":["anyio==4.6.2","argon2-cffi==21.3.0","argon2-cffi-bindings==21.2.0","asttokens==2.0.5","async-lru==2.0.4","attrs==24.2.0","autocommand==2.2.2","awkward==2.7.1","awkward_cpp==42","babel==2.11.0","backports.tarfile==1.2.0","beautifulsoup4==4.12.3","bleach==6.2.0","bokeh==3.6.0","bottleneck==1.4.2","brotli==1.0.9","certifi==2024.8.30","cffi==1.17.1","charset-normalizer==3.3.2","click==8.1.7","cloudpickle==3.0.0","comet_ml==3.47.4","comm==0.2.1","configobj==5.0.9","contourpy==1.3.1","cramjam==2.7.0","cycler==0.11.0","cytoolz==0.12.2","dask==2024.8.2","dask-expr==1.1.13","debugpy==1.6.7","decorator==5.1.1","defusedxml==0.7.1","distributed==2024.8.2","dulwich==0.21.3","everett==1.0.2","executing==0.8.3","fastjsonschema==2.20.0","filelock==3.13.1","fonttools==4.51.0","fsspec==2024.6.1","gfal2-util==1.8.1","gmpy2==2.1.5","h11==0.14.0","heapdict==1.0.1","httpcore==1.0.2","httpx==0.27.0","idna==3.7","importlib_metadata==8.0.0","importlib_metadata==8.5.0","importlib_resources==6.4.0","inflect==7.3.1","ipykernel==6.29.5","ipympl==0.9.4","ipython==8.27.0","ipython-genutils==0.2.0","ipywidgets==8.1.2","jaraco.collections==5.1.0","jaraco.context==5.3.0","jaraco.functools==4.0.1","jaraco.text==3.12.1","jedi==0.19.1","jinja2==3.1.4","joblib==1.4.2","json5==0.9.25","jsonschema==4.23.0","jsonschema-specifications==2023.7.1","jupyter-events==0.10.0","jupyter-lsp==2.2.0","jupyter_client==8.6.0","jupyter_core==5.7.2","jupyter_server==2.14.1","jupyter_server_terminals==0.4.4","jupyterlab==4.2.5","jupyterlab-pygments==0.1.2","jupyterlab_server==2.27.3","jupyterlab_widgets==3.0.13","kiwisolver==1.4.4","lightning==2.4.0","lightning-utilities==0.11.9","llvmlite==0.43.0","lmdb==1.4.1","locket==1.0.0","lz4==4.3.2","markdown-it-py==2.2.0","markupsafe==2.1.3","matplotlib==3.9.2","matplotlib-inline==0.1.6","mdurl==0.1.0","mistune==2.0.4","more-itertools==10.3.0","mplhep==0.3.55","mplhep_data==0.0.4","mpmath==1.3.0","msgpack==1.0.3","nbclient==0.8.0","nbconvert==7.16.4","nbformat==5.10.4","nest-asyncio==1.6.0","networkx==3.3","notebook==7.2.2","notebook_shim==0.2.3","numba==0.60.0","numexpr==2.10.1","numpy==1.26.4","overrides==7.4.0","packaging==24.1","packaging==24.1","pandas==2.2.3","pandocfilters==1.5.0","parso==0.8.3","partd==1.4.1","pexpect==4.8.0","pillow==11.0.0","pip==24.2","platformdirs==3.10.0","platformdirs==4.2.2","ply==3.11","prometheus_client==0.21.0","prompt-toolkit==3.0.43","psutil==5.9.0","ptyprocess==0.7.0","pure-eval==0.2.2","py-cpuinfo==9.0.0","pyarrow==18.1.0","pycparser==2.21","pygments==2.15.1","pyparsing==3.2.0","pyqt5==5.15.10","pyqt5-sip==12.13.0","pysocks==1.7.1","python-box==6.0.2","python-dateutil==2.9.0.post0","python-json-logger==2.0.7","pytorch-lightning==2.3.0","pytz==2024.1","pyyaml==6.0.2","pyzmq==25.1.2","referencing==0.30.2","requests==2.32.3","requests-toolbelt==1.0.0","rfc3339-validator==0.1.4","rfc3986-validator==0.1.1","rich==13.9.4","rpds-py==0.10.6","ruamel.yaml==0.18.6","ruamel.yaml.clib==0.2.8","scikit-learn==1.5.1","scipy==1.14.1","seaborn==0.13.2","semantic-version==2.8.5","send2trash==1.8.2","sentry-sdk==2.18.0","setuptools==75.1.0","sip==6.7.12","six==1.16.0","sniffio==1.3.0","sortedcontainers==2.4.0","soupsieve==2.5","stack-data==0.2.0","sympy==1.13.3","tables==3.10.1","tblib==1.7.0","terminado==0.17.1","threadpoolctl==3.5.0","tinycss2==1.2.1","toml==0.10.2","tomli==2.0.1","toolz==0.12.0","torch==2.5.1.post105","torchaudio==2.5.1","torchmetrics==1.4.0.post0","torchvision==0.20.1","tornado==6.4.1","tqdm==4.66.5","traitlets==5.14.3","typeguard==4.3.0","typing_extensions==4.11.0","typing_extensions==4.12.2","tzdata==2023.3","uhi==0.4.0","unicodedata2==15.1.0","uproot==5.5.1","urllib3==2.2.3","vector==1.5.2","wcwidth==0.2.5","webencodings==0.5.1","websocket-client==1.8.0","wheel==0.43.0","wheel==0.44.0","widgetsnbextension==4.0.13","wrapt==1.14.1","wurlitzer==1.0.3","xxhash==2.0.2","xyzservices==2022.9.0","zict==3.0.0","zipp==3.19.2","zipp==3.21.0"],"message_id":2},"type":"installed_packages"}
{"payload":{"command":["/software/pk21271/miniconda3/envs/hinv-ml/lib/python3.12/site-packages/ipykernel_launcher.py","--f=/home/pk21271/.local/share/jupyter/runtime/kernel-v37902c0b21eba6b921b49783396e85476678d5828.json"],"env":null,"hostname":"hm01.dice.priv","ip":"10.129.5.13","machine":"x86_64","message_id":3,"os":"Linux-5.14.0-427.24.1.el9_4.x86_64-x86_64-with-glibc2.34","os_release":"5.14.0-427.24.1.el9_4.x86_64","os_type":"Linux","pid":1828997,"processor":"x86_64","python_exe":"/software/pk21271/miniconda3/envs/hinv-ml/bin/python","python_version":"3.12.8","python_version_verbose":"3.12.8 | packaged by conda-forge | (main, Dec  5 2024, 14:24:40) [GCC 13.3.0]","user":"pk21271"},"type":"system_details"}
{"payload":{"local_timestamp":1733490218661,"message_id":4,"param":{"paramName":"f","paramValue":"/home/pk21271/.local/share/jupyter/runtime/kernel-v37902c0b21eba6b921b49783396e85476678d5828.json","source":"cli","step":null}},"type":"parameter_msg"}
{"payload":{"key":"offline_experiment","message_id":5,"value":true},"type":"log_other"}
{"payload":{"key":"Created from","message_id":6,"value":"pytorch-lightning"},"type":"log_other"}
{"payload":{"key":"Name","message_id":7,"value":"Setup"},"type":"log_other"}
{"payload":{"local_timestamp":1733490218664,"message_id":8,"metric":{"epoch":null,"metricName":"sys.cpu.percent.avg","metricValue":35.19609375,"step":null}},"type":"metric_msg"}
{"payload":{"local_timestamp":1733490218664,"message_id":9,"metric":{"epoch":null,"metricName":"sys.ram.total","metricValue":1068136026112,"step":null}},"type":"metric_msg"}
{"payload":{"local_timestamp":1733490218664,"message_id":10,"metric":{"epoch":null,"metricName":"sys.ram.used","metricValue":39994724352,"step":null}},"type":"metric_msg"}
{"payload":{"local_timestamp":1733490218664,"message_id":11,"metric":{"epoch":null,"metricName":"sys.ram.available","metricValue":1028141301760,"step":null}},"type":"metric_msg"}
{"payload":{"local_timestamp":1733490218664,"message_id":12,"metric":{"epoch":null,"metricName":"sys.ram.percent.used","metricValue":3.7,"step":null}},"type":"metric_msg"}
{"payload":{"local_timestamp":1733490218664,"message_id":13,"metric":{"epoch":null,"metricName":"sys.load.avg","metricValue":52.23,"step":null}},"type":"metric_msg"}
{"payload":{"local_timestamp":1733490218665,"message_id":14,"output":"/software/pk21271/miniconda3/envs/hinv-ml/lib/python3.12/site-packages/lightning/pytorch/callbacks/model_checkpoint.py:654: Checkpoint directory /users/pk21271/msciproject/bristol-tth-transformer-msc_project/bristol-tth-transformer-msc_project/notebooks/model_training/AOTransformer_20241206_123256 exists and is not empty.\n","stderr":true},"type":"standard_output"}
{"payload":{"local_timestamp":1733490218670,"message_id":15,"output":"\n  | Name           | Type                | Params | Mode \n---------------------------------------------------------------\n0 | embedding      | Embedding           | 460    | train\n1 | encoder_blocks | ModuleList          | 202 K  | train\n2 | class_blocks   | ModuleList          | 101 K  | train\n3 | dnn            | Sequential          | 82.7 K | train\n4 | loss_function  | BCEDecorrelatedLoss | 0      | train\n  | other params   | n/a                 | 64     | n/a  \n---------------------------------------------------------------\n386 K     Trainable params\n0         Non-trainable params\n386 K     Total params\n1.548     Total estimated model params size (MB)\n78        Modules in train mode\n0         Modules in eval mode\n","stderr":true},"type":"standard_output"}
{"payload":{"graph":"AnalysisObjectTransformer(\n  (embedding): Embedding(\n    (input_bn): BatchNorm1d(6, eps=1e-05, momentum=0.1, affine=True, track_running_stats=True)\n    (layers): Sequential(\n      (0): Linear(in_features=6, out_features=64, bias=True)\n      (1): GELU(approximate='none')\n    )\n  )\n  (encoder_blocks): ModuleList(\n    (0-3): 4 x AttBlock(\n      (layer_norm1): LayerNorm((64,), eps=1e-05, elementwise_affine=True)\n      (multihead_attention): MultiheadAttention(\n        (out_proj): NonDynamicallyQuantizableLinear(in_features=64, out_features=64, bias=True)\n      )\n      (layer_norm2): LayerNorm((64,), eps=1e-05, elementwise_affine=True)\n      (layer_norm3): LayerNorm((64,), eps=1e-05, elementwise_affine=True)\n      (linear1): Linear(in_features=64, out_features=256, bias=True)\n      (activation): GELU(approximate='none')\n      (layer_norm4): LayerNorm((256,), eps=1e-05, elementwise_affine=True)\n      (linear2): Linear(in_features=256, out_features=64, bias=True)\n    )\n  )\n  (class_blocks): ModuleList(\n    (0-1): 2 x AttBlock(\n      (layer_norm1): LayerNorm((64,), eps=1e-05, elementwise_affine=True)\n      (multihead_attention): MultiheadAttention(\n        (out_proj): NonDynamicallyQuantizableLinear(in_features=64, out_features=64, bias=True)\n      )\n      (layer_norm2): LayerNorm((64,), eps=1e-05, elementwise_affine=True)\n      (layer_norm3): LayerNorm((64,), eps=1e-05, elementwise_affine=True)\n      (linear1): Linear(in_features=64, out_features=256, bias=True)\n      (activation): GELU(approximate='none')\n      (layer_norm4): LayerNorm((256,), eps=1e-05, elementwise_affine=True)\n      (linear2): Linear(in_features=256, out_features=64, bias=True)\n    )\n  )\n  (dnn): Sequential(\n    (0): Linear(in_features=64, out_features=256, bias=True)\n    (1): GELU(approximate='none')\n    (2): Dropout(p=0.25, inplace=False)\n    (3): Linear(in_features=256, out_features=256, bias=True)\n    (4): GELU(approximate='none')\n    (5): Dropout(p=0.25, inplace=False)\n    (6): Linear(in_features=256, out_features=1, bias=True)\n    (7): Dropout(p=0.25, inplace=False)\n  )\n  (loss_function): BCEDecorrelatedLoss(\n    (bce_loss): BCEWithLogitsLoss()\n  )\n)","message_id":16},"type":"graph"}
{"payload":{"local_timestamp":1733490218678,"message_id":17,"output":"/software/pk21271/miniconda3/envs/hinv-ml/lib/python3.12/site-packages/lightning/pytorch/trainer/connectors/data_connector.py:424: The 'val_dataloader' does not have many workers which may be a bottleneck. Consider increasing the value of the `num_workers` argument` to `num_workers=127` in the `DataLoader` to improve performance.\n","stderr":true},"type":"standard_output"}
{"payload":{"git_metadata":{"branch":"refs/heads/main","origin":"git@github.com:inigostibbe/msciproject.git","parent":"c1fcd1d8b676c976b7560256e66af1e8eda9248b","repo_name":"msciproject","root":"46b14cf6f132912463658dc2088ed2e45159ad1e","status":null,"user":null},"message_id":18},"type":"git_metadata"}
{"payload":{"additional_params":null,"clean":true,"file_path":"tmp9tx9g3bg..zip","local_timestamp":1733490218833,"message_id":19,"metadata":{},"upload_type":"git-patch"},"type":"file_upload"}
{"payload":{"local_timestamp":1733490218874,"message_id":20,"metric":{"epoch":null,"metricName":"sys.disk.root.used","metricValue":1046456463360,"step":null}},"type":"metric_msg"}
{"payload":{"local_timestamp":1733490218874,"message_id":21,"metric":{"epoch":null,"metricName":"sys.disk.root.percent.used","metricValue":54.7,"step":null}},"type":"metric_msg"}
{"payload":{"local_timestamp":1733490220220,"message_id":22,"output":"/software/pk21271/miniconda3/envs/hinv-ml/lib/python3.12/site-packages/lightning/pytorch/trainer/connectors/data_connector.py:424: The 'train_dataloader' does not have many workers which may be a bottleneck. Consider increasing the value of the `num_workers` argument` to `num_workers=127` in the `DataLoader` to improve performance.\n","stderr":true},"type":"standard_output"}
{"payload":{"additional_params":{"assetId":"46612c4aaef04fc59efaf02763c7a0b0","context":null,"epoch":null,"extension":"yml","fileName":"conda-environment.yml","overwrite":false,"runId":null,"step":null,"type":"conda-environment-definition"},"clean":true,"file_path":"tmpbh7h6tgt","local_timestamp":1733490224656,"message_id":23,"metadata":{},"upload_type":"conda-environment-definition"},"type":"file_upload"}
{"payload":{"additional_params":{"assetId":"4a411242b4e84c88a4d39d81a9d55197","context":null,"epoch":null,"extension":"txt","fileName":"conda-spec.txt","overwrite":false,"runId":null,"step":null,"type":"conda-specification"},"clean":true,"file_path":"tmpw7oolmya","local_timestamp":1733490227347,"message_id":24,"metadata":{},"upload_type":"conda-specification"},"type":"file_upload"}
{"payload":{"additional_params":{"assetId":"67d12d00f19a476090fb2817e155775e","context":null,"epoch":null,"extension":"yml","fileName":"conda-info.yml","overwrite":false,"runId":null,"step":null,"type":"conda-info"},"clean":true,"file_path":"tmp0zaqjof0","local_timestamp":1733490228225,"message_id":25,"metadata":{},"upload_type":"conda-info"},"type":"file_upload"}
{"payload":{"local_timestamp":1733490249934,"message_id":26,"metric":{"epoch":null,"metricName":"sys.cpu.percent.avg","metricValue":50.34921875,"step":null}},"type":"metric_msg"}
{"payload":{"local_timestamp":1733490249934,"message_id":27,"metric":{"epoch":null,"metricName":"sys.ram.total","metricValue":1068136026112,"step":null}},"type":"metric_msg"}
{"payload":{"local_timestamp":1733490249934,"message_id":28,"metric":{"epoch":null,"metricName":"sys.ram.used","metricValue":40114622464,"step":null}},"type":"metric_msg"}
{"payload":{"local_timestamp":1733490249934,"message_id":29,"metric":{"epoch":null,"metricName":"sys.ram.available","metricValue":1028021403648,"step":null}},"type":"metric_msg"}
{"payload":{"local_timestamp":1733490249934,"message_id":30,"metric":{"epoch":null,"metricName":"sys.ram.percent.used","metricValue":3.8,"step":null}},"type":"metric_msg"}
{"payload":{"local_timestamp":1733490249934,"message_id":31,"metric":{"epoch":null,"metricName":"sys.load.avg","metricValue":57.58,"step":null}},"type":"metric_msg"}
{"payload":{"local_timestamp":1733490250035,"message_id":32,"metric":{"epoch":null,"metricName":"sys.network.send_bps","metricValue":202771,"step":null}},"type":"metric_msg"}
{"payload":{"local_timestamp":1733490250035,"message_id":33,"metric":{"epoch":null,"metricName":"sys.network.receive_bps","metricValue":390438,"step":null}},"type":"metric_msg"}
{"payload":{"local_timestamp":1733490250136,"message_id":34,"metric":{"epoch":null,"metricName":"sys.disk.read_bps","metricValue":0.0,"step":null}},"type":"metric_msg"}
{"payload":{"local_timestamp":1733490250136,"message_id":35,"metric":{"epoch":null,"metricName":"sys.disk.write_bps","metricValue":102508.06838214165,"step":null}},"type":"metric_msg"}
{"payload":{"local_timestamp":1733490250136,"message_id":36,"metric":{"epoch":null,"metricName":"sys.disk.root.used","metricValue":1046456500224,"step":null}},"type":"metric_msg"}
{"payload":{"local_timestamp":1733490250136,"message_id":37,"metric":{"epoch":null,"metricName":"sys.disk.root.percent.used","metricValue":54.7,"step":null}},"type":"metric_msg"}
{"payload":{"local_timestamp":1733490281173,"message_id":38,"metric":{"epoch":null,"metricName":"sys.cpu.percent.avg","metricValue":50.74921875,"step":null}},"type":"metric_msg"}
{"payload":{"local_timestamp":1733490281173,"message_id":39,"metric":{"epoch":null,"metricName":"sys.ram.total","metricValue":1068136026112,"step":null}},"type":"metric_msg"}
{"payload":{"local_timestamp":1733490281173,"message_id":40,"metric":{"epoch":null,"metricName":"sys.ram.used","metricValue":40228937728,"step":null}},"type":"metric_msg"}
{"payload":{"local_timestamp":1733490281173,"message_id":41,"metric":{"epoch":null,"metricName":"sys.ram.available","metricValue":1027907088384,"step":null}},"type":"metric_msg"}
{"payload":{"local_timestamp":1733490281173,"message_id":42,"metric":{"epoch":null,"metricName":"sys.ram.percent.used","metricValue":3.8,"step":null}},"type":"metric_msg"}
{"payload":{"local_timestamp":1733490281173,"message_id":43,"metric":{"epoch":null,"metricName":"sys.load.avg","metricValue":57.07,"step":null}},"type":"metric_msg"}
{"payload":{"local_timestamp":1733490281274,"message_id":44,"metric":{"epoch":null,"metricName":"sys.network.send_bps","metricValue":64037,"step":null}},"type":"metric_msg"}
{"payload":{"local_timestamp":1733490281274,"message_id":45,"metric":{"epoch":null,"metricName":"sys.network.receive_bps","metricValue":65563,"step":null}},"type":"metric_msg"}
{"payload":{"local_timestamp":1733490281375,"message_id":46,"metric":{"epoch":null,"metricName":"sys.disk.read_bps","metricValue":0.0,"step":null}},"type":"metric_msg"}
{"payload":{"local_timestamp":1733490281375,"message_id":47,"metric":{"epoch":null,"metricName":"sys.disk.write_bps","metricValue":82425.01154510867,"step":null}},"type":"metric_msg"}
{"payload":{"local_timestamp":1733490281375,"message_id":48,"metric":{"epoch":null,"metricName":"sys.disk.root.used","metricValue":1046465265664,"step":null}},"type":"metric_msg"}
{"payload":{"local_timestamp":1733490281375,"message_id":49,"metric":{"epoch":null,"metricName":"sys.disk.root.percent.used","metricValue":54.7,"step":null}},"type":"metric_msg"}
{"payload":{"local_timestamp":1733490294653,"message_id":50,"param":{"paramName":"curr_step","paramValue":448,"source":"auto-logged","step":448}},"type":"parameter_msg"}
{"payload":{"local_timestamp":1733490294653,"message_id":51,"param":{"paramName":"curr_epoch","paramValue":0,"source":"auto-logged","step":448}},"type":"parameter_msg"}
{"payload":{"local_timestamp":1733490294653,"message_id":52,"metric":{"epoch":0,"metricName":"train/loss_bce","metricValue":1.1689088344573975,"step":448}},"type":"metric_msg"}
{"payload":{"local_timestamp":1733490294653,"message_id":53,"metric":{"epoch":0,"metricName":"train/loss_disco","metricValue":0.10838469117879868,"step":448}},"type":"metric_msg"}
{"payload":{"local_timestamp":1733490294653,"message_id":54,"metric":{"epoch":0,"metricName":"train/loss_tot","metricValue":1.1797473430633545,"step":448}},"type":"metric_msg"}
{"payload":{"local_timestamp":1733490310377,"message_id":55,"param":{"paramName":"curr_step","paramValue":0,"source":"auto-logged","step":0}},"type":"parameter_msg"}
{"payload":{"additional_params":{"context":null,"extension":"svg","figCounter":0,"figName":"score","imageId":"ea416a8f901a4ba982914c1cf30f92e6","overwrite":true,"runId":null,"step":0},"clean":true,"file_path":"tmpa59kb875..svg","local_timestamp":1733490310484,"message_id":56,"metadata":{},"upload_type":"visualization"},"type":"file_upload"}
{"payload":{"local_timestamp":1733490311885,"message_id":57,"metric":{"epoch":0,"metricName":"sys.cpu.percent.avg","metricValue":46.55625,"step":0}},"type":"metric_msg"}
{"payload":{"local_timestamp":1733490311885,"message_id":58,"metric":{"epoch":0,"metricName":"sys.ram.total","metricValue":1068136026112,"step":0}},"type":"metric_msg"}
{"payload":{"local_timestamp":1733490311885,"message_id":59,"metric":{"epoch":0,"metricName":"sys.ram.used","metricValue":39992692736,"step":0}},"type":"metric_msg"}
{"payload":{"local_timestamp":1733490311885,"message_id":60,"metric":{"epoch":0,"metricName":"sys.ram.available","metricValue":1028143333376,"step":0}},"type":"metric_msg"}
{"payload":{"local_timestamp":1733490311885,"message_id":61,"metric":{"epoch":0,"metricName":"sys.ram.percent.used","metricValue":3.7,"step":0}},"type":"metric_msg"}
{"payload":{"local_timestamp":1733490311885,"message_id":62,"metric":{"epoch":0,"metricName":"sys.load.avg","metricValue":60.66,"step":0}},"type":"metric_msg"}
{"payload":{"local_timestamp":1733490312005,"message_id":63,"metric":{"epoch":0,"metricName":"sys.network.send_bps","metricValue":146289,"step":0}},"type":"metric_msg"}
{"payload":{"local_timestamp":1733490312005,"message_id":64,"metric":{"epoch":0,"metricName":"sys.network.receive_bps","metricValue":151123,"step":0}},"type":"metric_msg"}
{"payload":{"local_timestamp":1733490312124,"message_id":65,"metric":{"epoch":0,"metricName":"sys.disk.read_bps","metricValue":0.0,"step":0}},"type":"metric_msg"}
{"payload":{"local_timestamp":1733490312124,"message_id":66,"metric":{"epoch":0,"metricName":"sys.disk.write_bps","metricValue":82228.2211915442,"step":0}},"type":"metric_msg"}
{"payload":{"local_timestamp":1733490312124,"message_id":67,"metric":{"epoch":0,"metricName":"sys.disk.root.used","metricValue":1046469292032,"step":0}},"type":"metric_msg"}
{"payload":{"local_timestamp":1733490312124,"message_id":68,"metric":{"epoch":0,"metricName":"sys.disk.root.percent.used","metricValue":54.7,"step":0}},"type":"metric_msg"}
{"payload":{"additional_params":{"context":null,"extension":"svg","figCounter":1,"figName":"corr","imageId":"0a5c143833924a1e991c6b971a0d0af9","overwrite":true,"runId":null,"step":0},"clean":true,"file_path":"tmpjalk65ss..svg","local_timestamp":1733490313048,"message_id":69,"metadata":{},"upload_type":"visualization"},"type":"file_upload"}
{"payload":{"additional_params":{"context":null,"extension":"svg","figCounter":2,"figName":"ROC","imageId":"0c25e54c8e5f42be869c58a6a880a81f","overwrite":true,"runId":null,"step":0},"clean":true,"file_path":"tmprcmmtdfy..svg","local_timestamp":1733490313160,"message_id":70,"metadata":{},"upload_type":"visualization"},"type":"file_upload"}
{"payload":{"additional_params":{"context":null,"extension":"svg","figCounter":3,"figName":"CM","imageId":"42e87bd770bc443aa9a25fb27b2e3f49","overwrite":true,"runId":null,"step":0},"clean":true,"file_path":"tmpgi87khf_..svg","local_timestamp":1733490313312,"message_id":71,"metadata":{},"upload_type":"visualization"},"type":"file_upload"}
{"payload":{"local_timestamp":1733490313312,"message_id":72,"param":{"paramName":"curr_step","paramValue":448,"source":"auto-logged","step":448}},"type":"parameter_msg"}
{"payload":{"local_timestamp":1733490313312,"message_id":73,"metric":{"epoch":0,"metricName":"val/loss_bce","metricValue":1.10471773147583,"step":448}},"type":"metric_msg"}
{"payload":{"local_timestamp":1733490313312,"message_id":74,"metric":{"epoch":0,"metricName":"val/loss_disco","metricValue":0.11953532695770264,"step":448}},"type":"metric_msg"}
{"payload":{"local_timestamp":1733490313312,"message_id":75,"metric":{"epoch":0,"metricName":"val/loss_tot","metricValue":1.1166713237762451,"step":448}},"type":"metric_msg"}
{"payload":{"local_timestamp":1733490313314,"message_id":76,"output":"Metric val/loss_tot improved. New best score: 1.117\n","stderr":true},"type":"standard_output"}
{"payload":{"local_timestamp":1733490342003,"message_id":77,"metric":{"epoch":0,"metricName":"sys.cpu.percent.avg","metricValue":48.11171875,"step":448}},"type":"metric_msg"}
{"payload":{"local_timestamp":1733490342003,"message_id":78,"metric":{"epoch":0,"metricName":"sys.ram.total","metricValue":1068136026112,"step":448}},"type":"metric_msg"}
{"payload":{"local_timestamp":1733490342003,"message_id":79,"metric":{"epoch":0,"metricName":"sys.ram.used","metricValue":40016326656,"step":448}},"type":"metric_msg"}
{"payload":{"local_timestamp":1733490342003,"message_id":80,"metric":{"epoch":0,"metricName":"sys.ram.available","metricValue":1028119699456,"step":448}},"type":"metric_msg"}
{"payload":{"local_timestamp":1733490342003,"message_id":81,"metric":{"epoch":0,"metricName":"sys.ram.percent.used","metricValue":3.7,"step":448}},"type":"metric_msg"}
{"payload":{"local_timestamp":1733490342003,"message_id":82,"metric":{"epoch":0,"metricName":"sys.load.avg","metricValue":57.93,"step":448}},"type":"metric_msg"}
{"payload":{"local_timestamp":1733490342104,"message_id":83,"metric":{"epoch":0,"metricName":"sys.network.send_bps","metricValue":461453,"step":448}},"type":"metric_msg"}
{"payload":{"local_timestamp":1733490342104,"message_id":84,"metric":{"epoch":0,"metricName":"sys.network.receive_bps","metricValue":141871,"step":448}},"type":"metric_msg"}
{"payload":{"local_timestamp":1733490342205,"message_id":85,"metric":{"epoch":0,"metricName":"sys.disk.read_bps","metricValue":0.0,"step":448}},"type":"metric_msg"}
{"payload":{"local_timestamp":1733490342205,"message_id":86,"metric":{"epoch":0,"metricName":"sys.disk.write_bps","metricValue":267746.197179044,"step":448}},"type":"metric_msg"}
{"payload":{"local_timestamp":1733490342205,"message_id":87,"metric":{"epoch":0,"metricName":"sys.disk.root.used","metricValue":1046471811072,"step":448}},"type":"metric_msg"}
{"payload":{"local_timestamp":1733490342205,"message_id":88,"metric":{"epoch":0,"metricName":"sys.disk.root.percent.used","metricValue":54.7,"step":448}},"type":"metric_msg"}
{"payload":{"local_timestamp":1733490373260,"message_id":89,"metric":{"epoch":0,"metricName":"sys.cpu.percent.avg","metricValue":50.65859375,"step":448}},"type":"metric_msg"}
{"payload":{"local_timestamp":1733490373260,"message_id":90,"metric":{"epoch":0,"metricName":"sys.ram.total","metricValue":1068136026112,"step":448}},"type":"metric_msg"}
{"payload":{"local_timestamp":1733490373260,"message_id":91,"metric":{"epoch":0,"metricName":"sys.ram.used","metricValue":39929901056,"step":448}},"type":"metric_msg"}
{"payload":{"local_timestamp":1733490373261,"message_id":92,"metric":{"epoch":0,"metricName":"sys.ram.available","metricValue":1028206125056,"step":448}},"type":"metric_msg"}
{"payload":{"local_timestamp":1733490373261,"message_id":93,"metric":{"epoch":0,"metricName":"sys.ram.percent.used","metricValue":3.7,"step":448}},"type":"metric_msg"}
{"payload":{"local_timestamp":1733490373261,"message_id":94,"metric":{"epoch":0,"metricName":"sys.load.avg","metricValue":60.87,"step":448}},"type":"metric_msg"}
{"payload":{"local_timestamp":1733490373361,"message_id":95,"metric":{"epoch":0,"metricName":"sys.network.send_bps","metricValue":58029,"step":448}},"type":"metric_msg"}
{"payload":{"local_timestamp":1733490373361,"message_id":96,"metric":{"epoch":0,"metricName":"sys.network.receive_bps","metricValue":59868,"step":448}},"type":"metric_msg"}
{"payload":{"local_timestamp":1733490373462,"message_id":97,"metric":{"epoch":0,"metricName":"sys.disk.read_bps","metricValue":0.0,"step":448}},"type":"metric_msg"}
{"payload":{"local_timestamp":1733490373462,"message_id":98,"metric":{"epoch":0,"metricName":"sys.disk.write_bps","metricValue":78477.66094400153,"step":448}},"type":"metric_msg"}
{"payload":{"local_timestamp":1733490373463,"message_id":99,"metric":{"epoch":0,"metricName":"sys.disk.root.used","metricValue":1046471835648,"step":448}},"type":"metric_msg"}
{"payload":{"local_timestamp":1733490373463,"message_id":100,"metric":{"epoch":0,"metricName":"sys.disk.root.percent.used","metricValue":54.7,"step":448}},"type":"metric_msg"}
{"payload":{"local_timestamp":1733490390317,"message_id":101,"param":{"paramName":"curr_step","paramValue":897,"source":"auto-logged","step":897}},"type":"parameter_msg"}
{"payload":{"local_timestamp":1733490390317,"message_id":102,"param":{"paramName":"curr_epoch","paramValue":1,"source":"auto-logged","step":897}},"type":"parameter_msg"}
{"payload":{"local_timestamp":1733490390317,"message_id":103,"metric":{"epoch":1,"metricName":"train/loss_bce","metricValue":1.1717597246170044,"step":897}},"type":"metric_msg"}
{"payload":{"local_timestamp":1733490390318,"message_id":104,"metric":{"epoch":1,"metricName":"train/loss_disco","metricValue":0.0802445188164711,"step":897}},"type":"metric_msg"}
{"payload":{"local_timestamp":1733490390318,"message_id":105,"metric":{"epoch":1,"metricName":"train/loss_tot","metricValue":1.1797841787338257,"step":897}},"type":"metric_msg"}
{"payload":{"local_timestamp":1733490404325,"message_id":106,"metric":{"epoch":1,"metricName":"sys.cpu.percent.avg","metricValue":48.61484375,"step":897}},"type":"metric_msg"}
{"payload":{"local_timestamp":1733490404325,"message_id":107,"metric":{"epoch":1,"metricName":"sys.ram.total","metricValue":1068136026112,"step":897}},"type":"metric_msg"}
{"payload":{"local_timestamp":1733490404325,"message_id":108,"metric":{"epoch":1,"metricName":"sys.ram.used","metricValue":40114880512,"step":897}},"type":"metric_msg"}
{"payload":{"local_timestamp":1733490404325,"message_id":109,"metric":{"epoch":1,"metricName":"sys.ram.available","metricValue":1028021145600,"step":897}},"type":"metric_msg"}
{"payload":{"local_timestamp":1733490404325,"message_id":110,"metric":{"epoch":1,"metricName":"sys.ram.percent.used","metricValue":3.8,"step":897}},"type":"metric_msg"}
{"payload":{"local_timestamp":1733490404325,"message_id":111,"metric":{"epoch":1,"metricName":"sys.load.avg","metricValue":62.85,"step":897}},"type":"metric_msg"}
{"payload":{"local_timestamp":1733490404426,"message_id":112,"metric":{"epoch":1,"metricName":"sys.network.send_bps","metricValue":169448,"step":897}},"type":"metric_msg"}
{"payload":{"local_timestamp":1733490404426,"message_id":113,"metric":{"epoch":1,"metricName":"sys.network.receive_bps","metricValue":184916,"step":897}},"type":"metric_msg"}
{"payload":{"local_timestamp":1733490404527,"message_id":114,"metric":{"epoch":1,"metricName":"sys.disk.read_bps","metricValue":0.0,"step":897}},"type":"metric_msg"}
{"payload":{"local_timestamp":1733490404528,"message_id":115,"metric":{"epoch":1,"metricName":"sys.disk.write_bps","metricValue":63932.21163248351,"step":897}},"type":"metric_msg"}
{"payload":{"local_timestamp":1733490404528,"message_id":116,"metric":{"epoch":1,"metricName":"sys.disk.root.used","metricValue":1046471839744,"step":897}},"type":"metric_msg"}
{"payload":{"local_timestamp":1733490404528,"message_id":117,"metric":{"epoch":1,"metricName":"sys.disk.root.percent.used","metricValue":54.7,"step":897}},"type":"metric_msg"}
{"payload":{"local_timestamp":1733490405285,"message_id":118,"param":{"paramName":"curr_step","paramValue":1,"source":"auto-logged","step":1}},"type":"parameter_msg"}
{"payload":{"additional_params":{"context":null,"extension":"svg","figCounter":4,"figName":"score","imageId":"1aa596ce33074d5daeb97b3554ebb3ad","overwrite":true,"runId":null,"step":1},"clean":true,"file_path":"tmplrtefo8r..svg","local_timestamp":1733490405391,"message_id":119,"metadata":{},"upload_type":"visualization"},"type":"file_upload"}
{"payload":{"additional_params":{"context":null,"extension":"svg","figCounter":5,"figName":"corr","imageId":"b64dac65fa744d65ab2f823e4af8c8a0","overwrite":true,"runId":null,"step":1},"clean":true,"file_path":"tmpwor6ebp0..svg","local_timestamp":1733490407421,"message_id":120,"metadata":{},"upload_type":"visualization"},"type":"file_upload"}
{"payload":{"additional_params":{"context":null,"extension":"svg","figCounter":6,"figName":"ROC","imageId":"d17242d175be47488075a4b8969afdeb","overwrite":true,"runId":null,"step":1},"clean":true,"file_path":"tmpqnkdyajo..svg","local_timestamp":1733490407532,"message_id":121,"metadata":{},"upload_type":"visualization"},"type":"file_upload"}
{"payload":{"additional_params":{"context":null,"extension":"svg","figCounter":7,"figName":"CM","imageId":"570b0fa9613a4337a832c7ee3ee489f7","overwrite":true,"runId":null,"step":1},"clean":true,"file_path":"tmpllbsgd6o..svg","local_timestamp":1733490407686,"message_id":122,"metadata":{},"upload_type":"visualization"},"type":"file_upload"}
{"payload":{"local_timestamp":1733490407686,"message_id":123,"param":{"paramName":"curr_step","paramValue":897,"source":"auto-logged","step":897}},"type":"parameter_msg"}
{"payload":{"local_timestamp":1733490407686,"message_id":124,"metric":{"epoch":1,"metricName":"val/loss_bce","metricValue":1.1063299179077148,"step":897}},"type":"metric_msg"}
{"payload":{"local_timestamp":1733490407686,"message_id":125,"metric":{"epoch":1,"metricName":"val/loss_disco","metricValue":0.12476508319377899,"step":897}},"type":"metric_msg"}
{"payload":{"local_timestamp":1733490407686,"message_id":126,"metric":{"epoch":1,"metricName":"val/loss_tot","metricValue":1.1188063621520996,"step":897}},"type":"metric_msg"}
{"payload":{"local_timestamp":1733490434634,"message_id":127,"metric":{"epoch":1,"metricName":"sys.cpu.percent.avg","metricValue":46.68125,"step":897}},"type":"metric_msg"}
{"payload":{"local_timestamp":1733490434634,"message_id":128,"metric":{"epoch":1,"metricName":"sys.ram.total","metricValue":1068136026112,"step":897}},"type":"metric_msg"}
{"payload":{"local_timestamp":1733490434634,"message_id":129,"metric":{"epoch":1,"metricName":"sys.ram.used","metricValue":40137289728,"step":897}},"type":"metric_msg"}
{"payload":{"local_timestamp":1733490434634,"message_id":130,"metric":{"epoch":1,"metricName":"sys.ram.available","metricValue":1027998736384,"step":897}},"type":"metric_msg"}
{"payload":{"local_timestamp":1733490434634,"message_id":131,"metric":{"epoch":1,"metricName":"sys.ram.percent.used","metricValue":3.8,"step":897}},"type":"metric_msg"}
{"payload":{"local_timestamp":1733490434635,"message_id":132,"metric":{"epoch":1,"metricName":"sys.load.avg","metricValue":63.78,"step":897}},"type":"metric_msg"}
{"payload":{"local_timestamp":1733490434741,"message_id":133,"metric":{"epoch":1,"metricName":"sys.network.send_bps","metricValue":1387016,"step":897}},"type":"metric_msg"}
{"payload":{"local_timestamp":1733490434741,"message_id":134,"metric":{"epoch":1,"metricName":"sys.network.receive_bps","metricValue":1267984,"step":897}},"type":"metric_msg"}
{"payload":{"local_timestamp":1733490434842,"message_id":135,"metric":{"epoch":1,"metricName":"sys.disk.read_bps","metricValue":0.0,"step":897}},"type":"metric_msg"}
{"payload":{"local_timestamp":1733490434842,"message_id":136,"metric":{"epoch":1,"metricName":"sys.disk.write_bps","metricValue":279605.62690323376,"step":897}},"type":"metric_msg"}
{"payload":{"local_timestamp":1733490434842,"message_id":137,"metric":{"epoch":1,"metricName":"sys.disk.root.used","metricValue":1046477602816,"step":897}},"type":"metric_msg"}
{"payload":{"local_timestamp":1733490434842,"message_id":138,"metric":{"epoch":1,"metricName":"sys.disk.root.percent.used","metricValue":54.7,"step":897}},"type":"metric_msg"}
{"payload":{"local_timestamp":1733490465898,"message_id":139,"metric":{"epoch":1,"metricName":"sys.cpu.percent.avg","metricValue":50.84453125,"step":897}},"type":"metric_msg"}
{"payload":{"local_timestamp":1733490465898,"message_id":140,"metric":{"epoch":1,"metricName":"sys.ram.total","metricValue":1068136026112,"step":897}},"type":"metric_msg"}
{"payload":{"local_timestamp":1733490465898,"message_id":141,"metric":{"epoch":1,"metricName":"sys.ram.used","metricValue":40125935616,"step":897}},"type":"metric_msg"}
{"payload":{"local_timestamp":1733490465898,"message_id":142,"metric":{"epoch":1,"metricName":"sys.ram.available","metricValue":1028010090496,"step":897}},"type":"metric_msg"}
{"payload":{"local_timestamp":1733490465898,"message_id":143,"metric":{"epoch":1,"metricName":"sys.ram.percent.used","metricValue":3.8,"step":897}},"type":"metric_msg"}
{"payload":{"local_timestamp":1733490465898,"message_id":144,"metric":{"epoch":1,"metricName":"sys.load.avg","metricValue":64.6,"step":897}},"type":"metric_msg"}
{"payload":{"local_timestamp":1733490465999,"message_id":145,"metric":{"epoch":1,"metricName":"sys.network.send_bps","metricValue":707326,"step":897}},"type":"metric_msg"}
{"payload":{"local_timestamp":1733490466000,"message_id":146,"metric":{"epoch":1,"metricName":"sys.network.receive_bps","metricValue":923871,"step":897}},"type":"metric_msg"}
{"payload":{"local_timestamp":1733490466101,"message_id":147,"metric":{"epoch":1,"metricName":"sys.disk.read_bps","metricValue":0.0,"step":897}},"type":"metric_msg"}
{"payload":{"local_timestamp":1733490466101,"message_id":148,"metric":{"epoch":1,"metricName":"sys.disk.write_bps","metricValue":81912.97288338329,"step":897}},"type":"metric_msg"}
{"payload":{"local_timestamp":1733490466101,"message_id":149,"metric":{"epoch":1,"metricName":"sys.disk.root.used","metricValue":1046477152256,"step":897}},"type":"metric_msg"}
{"payload":{"local_timestamp":1733490466101,"message_id":150,"metric":{"epoch":1,"metricName":"sys.disk.root.percent.used","metricValue":54.7,"step":897}},"type":"metric_msg"}
{"payload":{"local_timestamp":1733490484286,"message_id":151,"param":{"paramName":"curr_step","paramValue":1346,"source":"auto-logged","step":1346}},"type":"parameter_msg"}
{"payload":{"local_timestamp":1733490484286,"message_id":152,"param":{"paramName":"curr_epoch","paramValue":2,"source":"auto-logged","step":1346}},"type":"parameter_msg"}
{"payload":{"local_timestamp":1733490484286,"message_id":153,"metric":{"epoch":2,"metricName":"train/loss_bce","metricValue":1.0893670320510864,"step":1346}},"type":"metric_msg"}
{"payload":{"local_timestamp":1733490484286,"message_id":154,"metric":{"epoch":2,"metricName":"train/loss_disco","metricValue":0.11641722917556763,"step":1346}},"type":"metric_msg"}
{"payload":{"local_timestamp":1733490484286,"message_id":155,"metric":{"epoch":2,"metricName":"train/loss_tot","metricValue":1.1010087728500366,"step":1346}},"type":"metric_msg"}
{"payload":{"local_timestamp":1733490496532,"message_id":156,"metric":{"epoch":2,"metricName":"sys.cpu.percent.avg","metricValue":49.3015625,"step":1346}},"type":"metric_msg"}
{"payload":{"local_timestamp":1733490496532,"message_id":157,"metric":{"epoch":2,"metricName":"sys.ram.total","metricValue":1068136026112,"step":1346}},"type":"metric_msg"}
{"payload":{"local_timestamp":1733490496532,"message_id":158,"metric":{"epoch":2,"metricName":"sys.ram.used","metricValue":40372903936,"step":1346}},"type":"metric_msg"}
{"payload":{"local_timestamp":1733490496532,"message_id":159,"metric":{"epoch":2,"metricName":"sys.ram.available","metricValue":1027763122176,"step":1346}},"type":"metric_msg"}
{"payload":{"local_timestamp":1733490496532,"message_id":160,"metric":{"epoch":2,"metricName":"sys.ram.percent.used","metricValue":3.8,"step":1346}},"type":"metric_msg"}
{"payload":{"local_timestamp":1733490496532,"message_id":161,"metric":{"epoch":2,"metricName":"sys.load.avg","metricValue":64.89,"step":1346}},"type":"metric_msg"}
{"payload":{"local_timestamp":1733490496632,"message_id":162,"metric":{"epoch":2,"metricName":"sys.network.send_bps","metricValue":147457,"step":1346}},"type":"metric_msg"}
{"payload":{"local_timestamp":1733490496632,"message_id":163,"metric":{"epoch":2,"metricName":"sys.network.receive_bps","metricValue":147015,"step":1346}},"type":"metric_msg"}
{"payload":{"local_timestamp":1733490496734,"message_id":164,"metric":{"epoch":2,"metricName":"sys.disk.read_bps","metricValue":0.0,"step":1346}},"type":"metric_msg"}
{"payload":{"local_timestamp":1733490496734,"message_id":165,"metric":{"epoch":2,"metricName":"sys.disk.write_bps","metricValue":72220.92586027489,"step":1346}},"type":"metric_msg"}
{"payload":{"local_timestamp":1733490496734,"message_id":166,"metric":{"epoch":2,"metricName":"sys.disk.root.used","metricValue":1046476861440,"step":1346}},"type":"metric_msg"}
{"payload":{"local_timestamp":1733490496734,"message_id":167,"metric":{"epoch":2,"metricName":"sys.disk.root.percent.used","metricValue":54.7,"step":1346}},"type":"metric_msg"}
{"payload":{"local_timestamp":1733490499161,"message_id":168,"param":{"paramName":"curr_step","paramValue":2,"source":"auto-logged","step":2}},"type":"parameter_msg"}
{"payload":{"additional_params":{"context":null,"extension":"svg","figCounter":8,"figName":"score","imageId":"a6d48eebe64f4efba0412b7bf32be7bd","overwrite":true,"runId":null,"step":2},"clean":true,"file_path":"tmpjoj2homx..svg","local_timestamp":1733490499268,"message_id":169,"metadata":{},"upload_type":"visualization"},"type":"file_upload"}
{"payload":{"additional_params":{"context":null,"extension":"svg","figCounter":9,"figName":"corr","imageId":"f498992fc6fa4ad593d6a65e24bce4ce","overwrite":true,"runId":null,"step":2},"clean":true,"file_path":"tmpd_v2pw77..svg","local_timestamp":1733490501299,"message_id":170,"metadata":{},"upload_type":"visualization"},"type":"file_upload"}
{"payload":{"additional_params":{"context":null,"extension":"svg","figCounter":10,"figName":"ROC","imageId":"50f232ab546d4462b3fc72a4c034fa1b","overwrite":true,"runId":null,"step":2},"clean":true,"file_path":"tmpe9spujgy..svg","local_timestamp":1733490501411,"message_id":171,"metadata":{},"upload_type":"visualization"},"type":"file_upload"}
{"payload":{"additional_params":{"context":null,"extension":"svg","figCounter":11,"figName":"CM","imageId":"ce10f919af6141ab947f3e2e15272c38","overwrite":true,"runId":null,"step":2},"clean":true,"file_path":"tmppc50uvv2..svg","local_timestamp":1733490501563,"message_id":172,"metadata":{},"upload_type":"visualization"},"type":"file_upload"}
{"payload":{"local_timestamp":1733490501564,"message_id":173,"param":{"paramName":"curr_step","paramValue":1346,"source":"auto-logged","step":1346}},"type":"parameter_msg"}
{"payload":{"local_timestamp":1733490501564,"message_id":174,"metric":{"epoch":2,"metricName":"val/loss_bce","metricValue":1.102181315422058,"step":1346}},"type":"metric_msg"}
{"payload":{"local_timestamp":1733490501564,"message_id":175,"metric":{"epoch":2,"metricName":"val/loss_disco","metricValue":0.12577791512012482,"step":1346}},"type":"metric_msg"}
{"payload":{"local_timestamp":1733490501564,"message_id":176,"metric":{"epoch":2,"metricName":"val/loss_tot","metricValue":1.114759087562561,"step":1346}},"type":"metric_msg"}
{"payload":{"local_timestamp":1733490501566,"message_id":177,"output":"Metric val/loss_tot improved by 0.002 >= min_delta = 0.0. New best score: 1.115\n","stderr":true},"type":"standard_output"}
{"payload":{"local_timestamp":1733490501629,"message_id":178,"output":"`Trainer.fit` stopped: `max_epochs=3` reached.\n","stderr":true},"type":"standard_output"}
{"payload":{"additional_params":{"assetId":"de94daa9fb2d4b24abe995e3cb5b4057","context":null,"epoch":2,"fileName":"Jupyter interactive","overwrite":false,"runId":null,"step":1346,"type":"source_code"},"clean":true,"file_path":"tmp7q40eskh","local_timestamp":1733490501635,"message_id":179,"metadata":{"source_code_type":"experiment_creation"},"upload_type":"source_code"},"type":"file_upload"}
{"payload":{"additional_params":{"assetId":"d5e39a08c07943d5a966866d3a1d8205","context":null,"epoch":2,"extension":"ipynb","fileName":"Code.ipynb","overwrite":true,"runId":null,"step":1346,"type":"notebook"},"clean":true,"file_path":"tmpk1c2dxwo","local_timestamp":1733490501637,"message_id":180,"metadata":{},"upload_type":"notebook"},"type":"file_upload"}
{"payload":{"local_timestamp":1733490501634,"message_id":181,"output":"\u001b[1;38;5;39mCOMET INFO:\u001b[0m ---------------------------------------------------------------------------------------\n","stderr":true},"type":"standard_output"}
{"payload":{"local_timestamp":1733490501634,"message_id":182,"output":"\u001b[1;38;5;39mCOMET INFO:\u001b[0m Comet.ml OfflineExperiment Summary\n","stderr":true},"type":"standard_output"}
{"payload":{"local_timestamp":1733490501635,"message_id":183,"output":"\u001b[1;38;5;39mCOMET INFO:\u001b[0m ---------------------------------------------------------------------------------------\n","stderr":true},"type":"standard_output"}
{"payload":{"local_timestamp":1733490501635,"message_id":184,"output":"\u001b[1;38;5;39mCOMET INFO:\u001b[0m   Data:\n","stderr":true},"type":"standard_output"}
{"payload":{"local_timestamp":1733490501636,"message_id":185,"output":"\u001b[1;38;5;39mCOMET INFO:\u001b[0m     display_summary_level : 1\n","stderr":true},"type":"standard_output"}
{"payload":{"local_timestamp":1733490501636,"message_id":186,"output":"\u001b[1;38;5;39mCOMET INFO:\u001b[0m     name                  : Setup\n","stderr":true},"type":"standard_output"}
{"payload":{"local_timestamp":1733490501636,"message_id":187,"output":"\u001b[1;38;5;39mCOMET INFO:\u001b[0m     url                   : [OfflineExperiment will get URL after upload]\n","stderr":true},"type":"standard_output"}
{"payload":{"local_timestamp":1733490501637,"message_id":188,"output":"\u001b[1;38;5;39mCOMET INFO:\u001b[0m   Metrics [count] (min, max):\n","stderr":true},"type":"standard_output"}
{"payload":{"local_timestamp":1733490501637,"message_id":189,"output":"\u001b[1;38;5;39mCOMET INFO:\u001b[0m     train/loss_bce [3]   : (1.0893670320510864, 1.1717597246170044)\n","stderr":true},"type":"standard_output"}
{"payload":{"local_timestamp":1733490501637,"message_id":190,"output":"\u001b[1;38;5;39mCOMET INFO:\u001b[0m     train/loss_disco [3] : (0.0802445188164711, 0.11641722917556763)\n","stderr":true},"type":"standard_output"}
{"payload":{"local_timestamp":1733490501638,"message_id":191,"output":"\u001b[1;38;5;39mCOMET INFO:\u001b[0m     train/loss_tot [3]   : (1.1010087728500366, 1.1797841787338257)\n","stderr":true},"type":"standard_output"}
{"payload":{"local_timestamp":1733490501638,"message_id":192,"output":"\u001b[1;38;5;39mCOMET INFO:\u001b[0m     val/loss_bce [3]     : (1.102181315422058, 1.1063299179077148)\n","stderr":true},"type":"standard_output"}
{"payload":{"local_timestamp":1733490501639,"message_id":193,"output":"\u001b[1;38;5;39mCOMET INFO:\u001b[0m     val/loss_disco [3]   : (0.11953532695770264, 0.12577791512012482)\n","stderr":true},"type":"standard_output"}
{"payload":{"local_timestamp":1733490501639,"message_id":194,"output":"\u001b[1;38;5;39mCOMET INFO:\u001b[0m     val/loss_tot [3]     : (1.114759087562561, 1.1188063621520996)\n","stderr":true},"type":"standard_output"}
{"payload":{"local_timestamp":1733490501640,"message_id":195,"output":"\u001b[1;38;5;39mCOMET INFO:\u001b[0m   Others:\n","stderr":true},"type":"standard_output"}
{"payload":{"local_timestamp":1733490501640,"message_id":196,"output":"\u001b[1;38;5;39mCOMET INFO:\u001b[0m     Created from       : pytorch-lightning\n","stderr":true},"type":"standard_output"}
{"payload":{"local_timestamp":1733490501640,"message_id":197,"output":"\u001b[1;38;5;39mCOMET INFO:\u001b[0m     Name               : Setup\n","stderr":true},"type":"standard_output"}
{"payload":{"local_timestamp":1733490501641,"message_id":198,"output":"\u001b[1;38;5;39mCOMET INFO:\u001b[0m     offline_experiment : True\n","stderr":true},"type":"standard_output"}
{"payload":{"local_timestamp":1733490501641,"message_id":199,"output":"\u001b[1;38;5;39mCOMET INFO:\u001b[0m   Uploads:\n","stderr":true},"type":"standard_output"}
{"payload":{"local_timestamp":1733490501642,"message_id":200,"output":"\u001b[1;38;5;39mCOMET INFO:\u001b[0m     conda-environment-definition : 1\n","stderr":true},"type":"standard_output"}
{"payload":{"local_timestamp":1733490501642,"message_id":201,"output":"\u001b[1;38;5;39mCOMET INFO:\u001b[0m     conda-info                   : 1\n","stderr":true},"type":"standard_output"}
{"payload":{"local_timestamp":1733490501642,"message_id":202,"output":"\u001b[1;38;5;39mCOMET INFO:\u001b[0m     conda-specification          : 1\n","stderr":true},"type":"standard_output"}
{"payload":{"local_timestamp":1733490501643,"message_id":203,"output":"\u001b[1;38;5;39mCOMET INFO:\u001b[0m     environment details          : 1\n","stderr":true},"type":"standard_output"}
{"payload":{"local_timestamp":1733490501643,"message_id":204,"output":"\u001b[1;38;5;39mCOMET INFO:\u001b[0m     figures                      : 12\n","stderr":true},"type":"standard_output"}
{"payload":{"local_timestamp":1733490501643,"message_id":205,"output":"\u001b[1;38;5;39mCOMET INFO:\u001b[0m     filename                     : 1\n","stderr":true},"type":"standard_output"}
{"payload":{"local_timestamp":1733490501644,"message_id":206,"output":"\u001b[1;38;5;39mCOMET INFO:\u001b[0m     git metadata                 : 1\n","stderr":true},"type":"standard_output"}
{"payload":{"local_timestamp":1733490501644,"message_id":207,"output":"\u001b[1;38;5;39mCOMET INFO:\u001b[0m     git-patch (uncompressed)     : 1 (421.61 KB)\n","stderr":true},"type":"standard_output"}
{"payload":{"local_timestamp":1733490501644,"message_id":208,"output":"\u001b[1;38;5;39mCOMET INFO:\u001b[0m     installed packages           : 1\n","stderr":true},"type":"standard_output"}
{"payload":{"local_timestamp":1733490501645,"message_id":209,"output":"\u001b[1;38;5;39mCOMET INFO:\u001b[0m     model graph                  : 1\n","stderr":true},"type":"standard_output"}
{"payload":{"local_timestamp":1733490501645,"message_id":210,"output":"\u001b[1;38;5;39mCOMET INFO:\u001b[0m     notebook                     : 1\n","stderr":true},"type":"standard_output"}
{"payload":{"local_timestamp":1733490501645,"message_id":211,"output":"\u001b[1;38;5;39mCOMET INFO:\u001b[0m     source_code                  : 1\n","stderr":true},"type":"standard_output"}
{"payload":{"local_timestamp":1733490501646,"message_id":212,"output":"\u001b[1;38;5;39mCOMET INFO:\u001b[0m \n","stderr":true},"type":"standard_output"}
{"payload":{"local_timestamp":1733490501646,"message_id":213,"output":"\u001b[1;38;5;214mCOMET WARNING:\u001b[0m To get all data logged automatically, import comet_ml before the following modules: sklearn, torch.\n","stderr":true},"type":"standard_output"}
{"payload":{"key":"sys.already_imported_modules","message_id":214,"value":"[\"sklearn\", \"torch\"]"},"type":"log_other"}
